periodo,tipo_indicador,nombre,valor_promedio,valor_min,valor_max,valor_std
2015-01,financieros,Activos Improductivos / Patrimonio Neto,2.77,2.77,2.77,
2015-01,financieros,Activos Netos Totales / Patrimonio Neto,10.31,10.31,10.31,
2015-01,financieros,Margen de Intermediación Neto,9.64,9.64,9.64,
2015-01,financieros,Spread de Tasas de Interés,11.56117933607355,11.56117933607355,11.56117933607355,
2015-01,morosidad,Morosidad Estresada,2.690510491138622,0.0,10.521597092029591,2.3103915841847193
2015-01,morosidad,Morosidad Simple,1.85,1.85,1.85,
2015-01,principales,ROA,2.0,2.0,2.0,
2015-01,principales,ROE (Rentabilidad del Patrimonio),20.71,20.71,20.71,
2015-01,principales,Índice Solvencia,16.77,16.77,16.77,
2015-02,financieros,Activos Improductivos / Patrimonio Neto,2.74,2.74,2.74,
2015-02,financieros,Activos Netos Totales / Patrimonio Neto,10.17,10.17,10.17,
2015-02,financieros,Margen de Intermediación Neto,9.45,9.45,9.45,
2015-02,financieros,Spread de Tasas de Interés,11.652224556204251,11.652224556204251,11.652224556204251,
2015-02,morosidad,Morosidad Estresada,2.7966284376633483,0.0,11.144315042590069,2.4882348455795023
2015-02,morosidad,Morosidad Simple,1.8,1.8,1.8,
2015-02,principales,ROA,1.94,1.94,1.94,
2015-02,principales,ROE (Rentabilidad del Patrimonio),20.29,20.29,20.29,
2015-02,principales,Índice Solvencia,16.42,16.42,16.42,
2015-03,financieros,Activos Improductivos / Patrimonio Neto,2.7,2.7,2.7,
2015-03,financieros,Activos Netos Totales / Patrimonio Neto,10.54,10.54,10.54,
2015-03,financieros,Margen de Intermediación Neto,9.5,9.5,9.5,
2015-03,financieros,Spread de Tasas de Interés,11.703972046126339,11.703972046126339,11.703972046126339,
2015-03,morosidad,Morosidad Estresada,2.265368056183537,0.0,5.717596174919525,1.4252277807952807
2015-03,morosidad,Morosidad Simple,1.69,1.69,1.69,
2015-03,principales,ROA,1.98,1.98,1.98,
2015-03,principales,ROE (Rentabilidad del Patrimonio),20.64,20.64,20.64,
2015-03,principales,Índice Solvencia,17.05,17.05,17.05,
2015-04,financieros,Activos Improductivos / Patrimonio Neto,2.82,2.82,2.82,
2015-04,financieros,Activos Netos Totales / Patrimonio Neto,10.75,10.75,10.75,
2015-04,financieros,Margen de Intermediación Neto,9.53,9.53,9.53,
2015-04,financieros,Spread de Tasas de Interés,11.779407660370381,11.779407660370381,11.779407660370381,
2015-04,morosidad,Morosidad Estresada,2.039611995588581,0.0,5.096030830770829,1.2570949295125766
2015-04,morosidad,Morosidad Simple,1.71,1.71,1.71,
2015-04,principales,ROA,1.97,1.97,1.97,
2015-04,principales,ROE (Rentabilidad del Patrimonio),20.91,20.91,20.91,
2015-04,principales,Índice Solvencia,17.38,17.38,17.38,
2015-05,financieros,Activos Improductivos / Patrimonio Neto,3.01,3.01,3.01,
2015-05,financieros,Activos Netos Totales / Patrimonio Neto,10.86,10.86,10.86,
2015-05,financieros,Margen de Intermediación Neto,9.66,9.66,9.66,
2015-05,financieros,Spread de Tasas de Interés,12.004061670716736,12.004061670716736,12.004061670716736,
2015-05,morosidad,Morosidad Estresada,2.2158264736262434,0.0,5.592788906998848,1.3743736848420849
2015-05,morosidad,Morosidad Simple,1.83,1.83,1.83,
2015-05,principales,ROA,1.99,1.99,1.99,
2015-05,principales,ROE (Rentabilidad del Patrimonio),21.33,21.33,21.33,
2015-05,principales,Índice Solvencia,16.97,16.97,16.97,
2015-06,financieros,Activos Improductivos / Patrimonio Neto,2.77,2.77,2.77,
2015-06,financieros,Activos Netos Totales / Patrimonio Neto,10.34,10.34,10.34,
2015-06,financieros,Margen de Intermediación Neto,9.73,9.73,9.73,
2015-06,financieros,Spread de Tasas de Interés,11.833708681538122,11.833708681538122,11.833708681538122,
2015-06,morosidad,Morosidad Estresada,4.041961024926532,0.0,13.773357388141916,2.9071212307518057
2015-06,morosidad,Morosidad Simple,1.8,1.8,1.8,
2015-06,principales,ROA,2.0,2.0,2.0,
2015-06,principales,ROE (Rentabilidad del Patrimonio),21.49,21.49,21.49,
2015-06,principales,Índice Solvencia,17.22,17.22,17.22,
2015-07,financieros,Activos Improductivos / Patrimonio Neto,2.66,2.66,2.66,
2015-07,financieros,Activos Netos Totales / Patrimonio Neto,10.17,10.17,10.17,
2015-07,financieros,Margen de Intermediación Neto,9.78,9.78,9.78,
2015-07,financieros,Spread de Tasas de Interés,11.770351345476866,11.770351345476866,11.770351345476866,
2015-07,morosidad,Morosidad Estresada,3.8128327195539415,0.6559486146812781,13.677933901047174,2.916280789089732
2015-07,morosidad,Morosidad Simple,1.82,1.82,1.82,
2015-07,principales,ROA,1.99,1.99,1.99,
2015-07,principales,ROE (Rentabilidad del Patrimonio),21.24,21.24,21.24,
2015-07,principales,Índice Solvencia,17.02,17.02,17.02,
2015-08,financieros,Activos Improductivos / Patrimonio Neto,2.72,2.72,2.72,
2015-08,financieros,Activos Netos Totales / Patrimonio Neto,10.24,10.24,10.24,
2015-08,financieros,Margen de Intermediación Neto,9.76,9.76,9.76,
2015-08,financieros,Spread de Tasas de Interés,11.825925865120187,11.825925865120187,11.825925865120187,
2015-08,morosidad,Morosidad Estresada,3.7742467102829127,0.0,12.293346984139825,2.8322007297598812
2015-08,morosidad,Morosidad Simple,1.91,1.91,1.91,
2015-08,principales,ROA,1.97,1.97,1.97,
2015-08,principales,ROE (Rentabilidad del Patrimonio),21.0,21.0,21.0,
2015-08,principales,Índice Solvencia,16.94,16.94,16.94,
2015-09,financieros,Activos Improductivos / Patrimonio Neto,2.64,2.64,2.64,
2015-09,financieros,Activos Netos Totales / Patrimonio Neto,10.19,10.19,10.19,
2015-09,financieros,Margen de Intermediación Neto,9.73,9.73,9.73,
2015-09,financieros,Spread de Tasas de Interés,11.62930466167269,11.62930466167269,11.62930466167269,
2015-09,morosidad,Morosidad Estresada,3.9360584444008544,0.0,15.006642103624825,3.3500497732890606
2015-09,morosidad,Morosidad Simple,1.88,1.88,1.88,
2015-09,principales,ROA,1.96,1.96,1.96,
2015-09,principales,ROE (Rentabilidad del Patrimonio),20.84,20.84,20.84,
2015-09,principales,Índice Solvencia,17.18,17.18,17.18,
2015-10,financieros,Activos Improductivos / Patrimonio Neto,2.5,2.5,2.5,
2015-10,financieros,Activos Netos Totales / Patrimonio Neto,10.12,10.12,10.12,
2015-10,financieros,Margen de Intermediación Neto,9.7,9.7,9.7,
2015-10,financieros,Spread de Tasas de Interés,11.54845627158484,11.54845627158484,11.54845627158484,
2015-10,morosidad,Morosidad Estresada,4.083586308188257,0.0,16.625174854603845,3.650610816932218
2015-10,morosidad,Morosidad Simple,1.91,1.91,1.91,
2015-10,principales,ROA,1.92,1.92,1.92,
2015-10,principales,ROE (Rentabilidad del Patrimonio),20.45,20.45,20.45,
2015-10,principales,Índice Solvencia,16.19,16.19,16.19,
2015-11,financieros,Activos Improductivos / Patrimonio Neto,2.48,2.48,2.48,
2015-11,financieros,Activos Netos Totales / Patrimonio Neto,10.16,10.16,10.16,
2015-11,financieros,Margen de Intermediación Neto,9.6,9.6,9.6,
2015-11,financieros,Spread de Tasas de Interés,11.65800809359969,11.65800809359969,11.65800809359969,
2015-11,morosidad,Morosidad Estresada,4.093374269079411,0.0,17.890765997803044,3.8826765274684956
2015-11,morosidad,Morosidad Simple,2.02,2.02,2.02,
2015-11,principales,ROA,1.89,1.89,1.89,
2015-11,principales,ROE (Rentabilidad del Patrimonio),20.01,20.01,20.01,
2015-11,principales,Índice Solvencia,16.23,16.23,16.23,
2015-12,financieros,Activos Improductivos / Patrimonio Neto,2.63,2.63,2.63,
2015-12,financieros,Activos Netos Totales / Patrimonio Neto,10.25,10.25,10.25,
2015-12,financieros,Margen de Intermediación Neto,9.58,9.58,9.58,
2015-12,financieros,Spread de Tasas de Interés,11.642286658046878,11.642286658046878,11.642286658046878,
2015-12,morosidad,Morosidad Estresada,3.7271266221489494,0.0,16.020447069189842,3.503029969925086
2015-12,morosidad,Morosidad Simple,1.86,1.86,1.86,
2015-12,principales,ROA,1.85,1.85,1.85,
2015-12,principales,ROE (Rentabilidad del Patrimonio),19.56,19.56,19.56,
2015-12,principales,Índice Solvencia,15.97,15.97,15.97,
2016-01,financieros,Activos Improductivos / Patrimonio Neto,2.57,2.57,2.57,
2016-01,financieros,Activos Netos Totales / Patrimonio Neto,10.15,10.15,10.15,
2016-01,financieros,Margen de Intermediación Neto,9.09,9.09,9.09,
2016-01,financieros,Spread de Tasas de Interés,11.51397428282221,11.51397428282221,11.51397428282221,
2016-01,morosidad,Morosidad Estresada,3.7354104769504852,0.0,12.086409947895104,2.8102303931779806
2016-01,morosidad,Morosidad Simple,2.06,2.06,2.06,
2016-01,principales,ROA,1.62,1.62,1.62,
2016-01,principales,ROE (Rentabilidad del Patrimonio),16.74,16.74,16.74,
2016-01,principales,Índice Solvencia,16.61,16.61,16.61,
2016-02,financieros,Activos Improductivos / Patrimonio Neto,2.54,2.54,2.54,
2016-02,financieros,Activos Netos Totales / Patrimonio Neto,10.0,10.0,10.0,
2016-02,financieros,Margen de Intermediación Neto,9.26,9.26,9.26,
2016-02,financieros,Spread de Tasas de Interés,11.609039848493914,11.609039848493914,11.609039848493914,
2016-02,morosidad,Morosidad Estresada,3.552647433360858,0.0,7.69131351249986,2.1775569489389888
2016-02,morosidad,Morosidad Simple,2.08,2.08,2.08,
2016-02,principales,ROA,1.7,1.7,1.7,
2016-02,principales,ROE (Rentabilidad del Patrimonio),17.51,17.51,17.51,
2016-02,principales,Índice Solvencia,16.59,16.59,16.59,
2016-03,financieros,Activos Improductivos / Patrimonio Neto,2.57,2.57,2.57,
2016-03,financieros,Activos Netos Totales / Patrimonio Neto,10.04,10.04,10.04,
2016-03,financieros,Margen de Intermediación Neto,9.38,9.38,9.38,
2016-03,financieros,Spread de Tasas de Interés,11.648379887267224,11.648379887267224,11.648379887267224,
2016-03,morosidad,Morosidad Estresada,3.437632294130776,0.0,6.96885455870483,2.1033192077175844
2016-03,morosidad,Morosidad Simple,1.91,1.91,1.91,
2016-03,principales,ROA,1.78,1.78,1.78,
2016-03,principales,ROE (Rentabilidad del Patrimonio),18.26,18.26,18.26,
2016-03,principales,Índice Solvencia,17.54,17.54,17.54,
2016-04,financieros,Activos Improductivos / Patrimonio Neto,2.73,2.73,2.73,
2016-04,financieros,Activos Netos Totales / Patrimonio Neto,10.38,10.38,10.38,
2016-04,financieros,Margen de Intermediación Neto,9.32,9.32,9.32,
2016-04,financieros,Spread de Tasas de Interés,11.756860318269682,11.756860318269682,11.756860318269682,
2016-04,morosidad,Morosidad Estresada,3.495077099686297,0.0,7.114219562725423,1.9848363422695936
2016-04,morosidad,Morosidad Simple,1.91,1.91,1.91,
2016-04,principales,ROA,1.8,1.8,1.8,
2016-04,principales,ROE (Rentabilidad del Patrimonio),18.65,18.65,18.65,
2016-04,principales,Índice Solvencia,17.19,17.19,17.19,
2016-05,financieros,Activos Improductivos / Patrimonio Neto,2.7,2.7,2.7,
2016-05,financieros,Activos Netos Totales / Patrimonio Neto,10.19,10.19,10.19,
2016-05,financieros,Margen de Intermediación Neto,9.45,9.45,9.45,
2016-05,financieros,Spread de Tasas de Interés,11.803038434205973,11.803038434205973,11.803038434205973,
2016-05,morosidad,Morosidad Estresada,3.6435055081336873,0.0,7.119342073154803,1.9859860333762867
2016-05,morosidad,Morosidad Simple,2.03,2.03,2.03,
2016-05,principales,ROA,1.8,1.8,1.8,
2016-05,principales,ROE (Rentabilidad del Patrimonio),18.74,18.74,18.74,
2016-05,principales,Índice Solvencia,17.34,17.34,17.34,
2016-06,financieros,Activos Improductivos / Patrimonio Neto,2.52,2.52,2.52,
2016-06,financieros,Activos Netos Totales / Patrimonio Neto,10.17,10.17,10.17,
2016-06,financieros,Margen de Intermediación Neto,9.51,9.51,9.51,
2016-06,financieros,Spread de Tasas de Interés,11.828751860654638,11.828751860654638,11.828751860654638,
2016-06,morosidad,Morosidad Estresada,3.4207564036514224,0.0,7.738460506394388,1.9151654445613628
2016-06,morosidad,Morosidad Simple,1.9,1.9,1.9,
2016-06,principales,ROA,1.81,1.81,1.81,
2016-06,principales,ROE (Rentabilidad del Patrimonio),18.89,18.89,18.89,
2016-06,principales,Índice Solvencia,17.14,17.14,17.14,
2016-07,financieros,Activos Improductivos / Patrimonio Neto,2.77,2.77,2.77,
2016-07,financieros,Activos Netos Totales / Patrimonio Neto,10.11,10.11,10.11,
2016-07,financieros,Margen de Intermediación Neto,9.58,9.58,9.58,
2016-07,financieros,Spread de Tasas de Interés,11.894270482531898,11.894270482531898,11.894270482531898,
2016-07,morosidad,Morosidad Estresada,3.4823727297408222,0.0,7.043016446157821,1.9026200513046172
2016-07,morosidad,Morosidad Simple,1.97,1.97,1.97,
2016-07,principales,ROA,1.81,1.81,1.81,
2016-07,principales,ROE (Rentabilidad del Patrimonio),18.82,18.82,18.82,
2016-07,principales,Índice Solvencia,17.18,17.18,17.18,
2016-08,financieros,Activos Improductivos / Patrimonio Neto,2.77,2.77,2.77,
2016-08,financieros,Activos Netos Totales / Patrimonio Neto,10.04,10.04,10.04,
2016-08,financieros,Margen de Intermediación Neto,9.51,9.51,9.51,
2016-08,financieros,Spread de Tasas de Interés,11.847088694234367,11.847088694234367,11.847088694234367,
2016-08,morosidad,Morosidad Estresada,6.118396198252061,0.0,50.88971405615046,10.99643155865771
2016-08,morosidad,Morosidad Simple,1.98,1.98,1.98,
2016-08,principales,ROA,1.81,1.81,1.81,
2016-08,principales,ROE (Rentabilidad del Patrimonio),18.82,18.82,18.82,
2016-08,principales,Índice Solvencia,16.98,16.98,16.98,
2016-09,financieros,Activos Improductivos / Patrimonio Neto,2.66,2.66,2.66,
2016-09,financieros,Activos Netos Totales / Patrimonio Neto,9.86,9.86,9.86,
2016-09,financieros,Margen de Intermediación Neto,9.46,9.46,9.46,
2016-09,financieros,Spread de Tasas de Interés,11.81269906205634,11.81269906205634,11.81269906205634,
2016-09,morosidad,Morosidad Estresada,5.487387871570576,0.0,35.27901555285563,7.579101581757939
2016-09,morosidad,Morosidad Simple,2.01,2.01,2.01,
2016-09,principales,ROA,1.81,1.81,1.81,
2016-09,principales,ROE (Rentabilidad del Patrimonio),18.68,18.68,18.68,
2016-09,principales,Índice Solvencia,16.9,16.9,16.9,
2016-10,financieros,Activos Improductivos / Patrimonio Neto,2.49,2.49,2.49,
2016-10,financieros,Activos Netos Totales / Patrimonio Neto,9.94,9.94,9.94,
2016-10,financieros,Margen de Intermediación Neto,9.36,9.36,9.36,
2016-10,financieros,Spread de Tasas de Interés,11.703840856290643,11.703840856290643,11.703840856290643,
2016-10,morosidad,Morosidad Estresada,5.68401362060863,0.0,33.658193099148384,7.312138020411242
2016-10,morosidad,Morosidad Simple,2.09,2.09,2.09,
2016-10,principales,ROA,1.79,1.79,1.79,
2016-10,principales,ROE (Rentabilidad del Patrimonio),18.4,18.4,18.4,
2016-10,principales,Índice Solvencia,16.46,16.46,16.46,
2016-11,financieros,Activos Improductivos / Patrimonio Neto,2.4,2.4,2.4,
2016-11,financieros,Activos Netos Totales / Patrimonio Neto,9.89,9.89,9.89,
2016-11,financieros,Margen de Intermediación Neto,9.27,9.27,9.27,
2016-11,financieros,Spread de Tasas de Interés,11.738048072704576,11.738048072704576,11.738048072704576,
2016-11,morosidad,Morosidad Estresada,5.578398922325796,0.0,35.32001443865154,7.643018604758419
2016-11,morosidad,Morosidad Simple,2.06,2.06,2.06,
2016-11,principales,ROA,1.76,1.76,1.76,
2016-11,principales,ROE (Rentabilidad del Patrimonio),18.05,18.05,18.05,
2016-11,principales,Índice Solvencia,16.89,16.89,16.89,
2016-12,financieros,Activos Improductivos / Patrimonio Neto,2.52,2.52,2.52,
2016-12,financieros,Activos Netos Totales / Patrimonio Neto,9.99,9.99,9.99,
2016-12,financieros,Margen de Intermediación Neto,9.21,9.21,9.21,
2016-12,financieros,Spread de Tasas de Interés,11.617246040282877,11.617246040282877,11.617246040282877,
2016-12,morosidad,Morosidad Estresada,5.181685621242309,0.0,31.440104657936764,6.844115511675176
2016-12,morosidad,Morosidad Simple,1.86,1.86,1.86,
2016-12,principales,ROA,1.77,1.77,1.77,
2016-12,principales,ROE (Rentabilidad del Patrimonio),18.28,18.28,18.28,
2016-12,principales,Índice Solvencia,17.18,17.18,17.18,
2017-01,financieros,Activos Improductivos / Patrimonio Neto,2.51,2.51,2.51,
2017-01,financieros,Activos Netos Totales / Patrimonio Neto,9.78,9.78,9.78,
2017-01,financieros,Margen de Intermediación Neto,8.66,8.66,8.66,
2017-01,financieros,Spread de Tasas de Interés,11.58767094137049,11.58767094137049,11.58767094137049,
2017-01,morosidad,Morosidad Estresada,5.731296107322905,0.0,30.84273128342006,6.751981754072127
2017-01,morosidad,Morosidad Simple,2.12,2.12,2.12,
2017-01,principales,ROA,1.68,1.68,1.68,
2017-01,principales,ROE (Rentabilidad del Patrimonio),16.06,16.06,16.06,
2017-01,principales,Índice Solvencia,17.57,17.57,17.57,
2017-02,financieros,Activos Improductivos / Patrimonio Neto,2.52,2.52,2.52,
2017-02,financieros,Activos Netos Totales / Patrimonio Neto,9.7,9.7,9.7,
2017-02,financieros,Margen de Intermediación Neto,8.71,8.71,8.71,
2017-02,financieros,Spread de Tasas de Interés,11.52644895500588,11.52644895500588,11.52644895500588,
2017-02,morosidad,Morosidad Estresada,4.678674273319595,0.0,12.727363887802646,3.34349615846955
2017-02,morosidad,Morosidad Simple,2.17,2.17,2.17,
2017-02,principales,ROA,1.65,1.65,1.65,
2017-02,principales,ROE (Rentabilidad del Patrimonio),16.35,16.35,16.35,
2017-02,principales,Índice Solvencia,17.68,17.68,17.68,
2017-03,financieros,Activos Improductivos / Patrimonio Neto,2.45,2.45,2.45,
2017-03,financieros,Activos Netos Totales / Patrimonio Neto,9.71,9.71,9.71,
2017-03,financieros,Margen de Intermediación Neto,8.93,8.93,8.93,
2017-03,financieros,Spread de Tasas de Interés,11.543806280929726,11.543806280929726,11.543806280929726,
2017-03,morosidad,Morosidad Estresada,4.361298580614885,0.0,9.073607081966232,2.6447178242895513
2017-03,morosidad,Morosidad Simple,2.15,2.15,2.15,
2017-03,principales,ROA,1.71,1.71,1.71,
2017-03,principales,ROE (Rentabilidad del Patrimonio),16.95,16.95,16.95,
2017-03,principales,Índice Solvencia,17.9,17.9,17.9,
2017-04,financieros,Activos Improductivos / Patrimonio Neto,2.54,2.54,2.54,
2017-04,financieros,Activos Netos Totales / Patrimonio Neto,9.94,9.94,9.94,
2017-04,financieros,Margen de Intermediación Neto,8.96,8.96,8.96,
2017-04,financieros,Spread de Tasas de Interés,11.75037146678524,11.75037146678524,11.75037146678524,
2017-04,morosidad,Morosidad Estresada,4.42124398778558,0.0,8.600693791308775,2.5496844739624143
2017-04,morosidad,Morosidad Simple,2.22,2.22,2.22,
2017-04,principales,ROA,1.67,1.67,1.67,
2017-04,principales,ROE (Rentabilidad del Patrimonio),16.54,16.54,16.54,
2017-04,principales,Índice Solvencia,17.85,17.85,17.85,
2017-05,financieros,Activos Improductivos / Patrimonio Neto,2.44,2.44,2.44,
2017-05,financieros,Activos Netos Totales / Patrimonio Neto,9.75,9.75,9.75,
2017-05,financieros,Margen de Intermediación Neto,9.05,9.05,9.05,
2017-05,financieros,Spread de Tasas de Interés,11.761662999959391,11.761662999959391,11.761662999959391,
2017-05,morosidad,Morosidad Estresada,4.785797389857334,0.0035168603648162117,8.851364008589616,2.4964446691648003
2017-05,morosidad,Morosidad Simple,2.32,2.32,2.32,
2017-05,principales,ROA,1.67,1.67,1.67,
2017-05,principales,ROE (Rentabilidad del Patrimonio),16.61,16.61,16.61,
2017-05,principales,Índice Solvencia,17.8,17.8,17.8,
2017-06,financieros,Activos Improductivos / Patrimonio Neto,2.41,2.41,2.41,
2017-06,financieros,Activos Netos Totales / Patrimonio Neto,9.85,9.85,9.85,
2017-06,financieros,Margen de Intermediación Neto,9.01,9.01,9.01,
2017-06,financieros,Spread de Tasas de Interés,11.703383515300816,11.703383515300816,11.703383515300816,
2017-06,morosidad,Morosidad Estresada,4.466610987368843,0.0,10.376257288998197,2.9228225444869005
2017-06,morosidad,Morosidad Simple,2.2,2.2,2.2,
2017-06,principales,ROA,1.65,1.65,1.65,
2017-06,principales,ROE (Rentabilidad del Patrimonio),16.59,16.59,16.59,
2017-06,principales,Índice Solvencia,18.45,18.45,18.45,
2017-07,financieros,Activos Improductivos / Patrimonio Neto,2.41,2.41,2.41,
2017-07,financieros,Activos Netos Totales / Patrimonio Neto,9.75,9.75,9.75,
2017-07,financieros,Margen de Intermediación Neto,9.01,9.01,9.01,
2017-07,financieros,Spread de Tasas de Interés,11.822051678873885,11.822051678873885,11.822051678873885,
2017-07,morosidad,Morosidad Estresada,4.3948591499533185,0.0,8.349579858529465,2.6710019909637026
2017-07,morosidad,Morosidad Simple,2.25,2.25,2.25,
2017-07,principales,ROA,1.63,1.63,1.63,
2017-07,principales,ROE (Rentabilidad del Patrimonio),16.46,16.46,16.46,
2017-07,principales,Índice Solvencia,18.56,18.56,18.56,
2017-08,financieros,Activos Improductivos / Patrimonio Neto,2.3,2.3,2.3,
2017-08,financieros,Activos Netos Totales / Patrimonio Neto,9.7,9.7,9.7,
2017-08,financieros,Margen de Intermediación Neto,9.05,9.05,9.05,
2017-08,financieros,Spread de Tasas de Interés,11.796721850528186,11.796721850528186,11.796721850528186,
2017-08,morosidad,Morosidad Estresada,4.304807238938485,0.0,7.919310975718767,2.5527393700560066
2017-08,morosidad,Morosidad Simple,2.31,2.31,2.31,
2017-08,principales,ROA,1.66,1.66,1.66,
2017-08,principales,ROE (Rentabilidad del Patrimonio),16.75,16.75,16.75,
2017-08,principales,Índice Solvencia,18.54,18.54,18.54,
2017-09,financieros,Activos Improductivos / Patrimonio Neto,2.36,2.36,2.36,
2017-09,financieros,Activos Netos Totales / Patrimonio Neto,9.76,9.76,9.76,
2017-09,financieros,Margen de Intermediación Neto,9.01,9.01,9.01,
2017-09,financieros,Spread de Tasas de Interés,11.639763696228272,11.639763696228272,11.639763696228272,
2017-09,morosidad,Morosidad Estresada,4.3836681489662315,0.0,8.392412406529655,2.6795142015465503
2017-09,morosidad,Morosidad Simple,2.34,2.34,2.34,
2017-09,principales,ROA,1.62,1.62,1.62,
2017-09,principales,ROE (Rentabilidad del Patrimonio),16.5,16.5,16.5,
2017-09,principales,Índice Solvencia,18.67,18.67,18.67,
2017-10,financieros,Activos Improductivos / Patrimonio Neto,2.33,2.33,2.33,
2017-10,financieros,Activos Netos Totales / Patrimonio Neto,9.74,9.74,9.74,
2017-10,financieros,Margen de Intermediación Neto,9.05,9.05,9.05,
2017-10,financieros,Spread de Tasas de Interés,11.731226305926517,11.731226305926517,11.731226305926517,
2017-10,morosidad,Morosidad Estresada,4.21508923614864,0.030342404407202116,8.48527644460777,2.5305659896537254
2017-10,morosidad,Morosidad Simple,2.27,2.27,2.27,
2017-10,principales,ROA,1.63,1.63,1.63,
2017-10,principales,ROE (Rentabilidad del Patrimonio),16.56,16.56,16.56,
2017-10,principales,Índice Solvencia,18.55,18.55,18.55,
2017-11,financieros,Activos Improductivos / Patrimonio Neto,2.07,2.07,2.07,
2017-11,financieros,Activos Netos Totales / Patrimonio Neto,9.6,9.6,9.6,
2017-11,financieros,Margen de Intermediación Neto,9.06,9.06,9.06,
2017-11,financieros,Spread de Tasas de Interés,12.08092071855338,12.08092071855338,12.08092071855338,
2017-11,morosidad,Morosidad Estresada,4.2913633005684915,0.0001965414241690304,11.71503239222102,2.8931217883121403
2017-11,morosidad,Morosidad Simple,2.2,2.2,2.2,
2017-11,principales,ROA,1.65,1.65,1.65,
2017-11,principales,ROE (Rentabilidad del Patrimonio),16.73,16.73,16.73,
2017-11,principales,Índice Solvencia,18.39,18.39,18.39,
2017-12,financieros,Activos Improductivos / Patrimonio Neto,2.14,2.14,2.14,
2017-12,financieros,Activos Netos Totales / Patrimonio Neto,9.67,9.67,9.67,
2017-12,financieros,Margen de Intermediación Neto,9.07,9.07,9.07,
2017-12,financieros,Spread de Tasas de Interés,11.648087622451659,11.648087622451659,11.648087622451659,
2017-12,morosidad,Morosidad Estresada,4.0237640941620265,0.0,8.204754442242368,2.449779459153695
2017-12,morosidad,Morosidad Simple,2.06,2.06,2.06,
2017-12,principales,ROA,1.6,1.6,1.6,
2017-12,principales,ROE (Rentabilidad del Patrimonio),16.75,16.75,16.75,
2017-12,principales,Índice Solvencia,18.26,18.26,18.26,
2018-01,financieros,Activos Improductivos / Patrimonio Neto,2.01,2.01,2.01,
2018-01,financieros,Activos Netos Totales / Patrimonio Neto,9.63,9.63,9.63,
2018-01,financieros,Margen de Intermediación Neto,9.27,9.27,9.27,
2018-01,financieros,Spread de Tasas de Interés,11.442513631491607,11.442513631491607,11.442513631491607,
2018-01,morosidad,Morosidad Estresada,4.284304854559714,0.0,9.933417358604219,2.7453086990054985
2018-01,morosidad,Morosidad Simple,2.13,2.13,2.13,
2018-01,principales,ROA,1.92,1.92,1.92,
2018-01,principales,ROE (Rentabilidad del Patrimonio),18.37,18.37,18.37,
2018-01,principales,Índice Solvencia,18.78,18.78,18.78,
2018-02,financieros,Activos Improductivos / Patrimonio Neto,2.13,2.13,2.13,
2018-02,financieros,Activos Netos Totales / Patrimonio Neto,9.46,9.46,9.46,
2018-02,financieros,Margen de Intermediación Neto,9.05,9.05,9.05,
2018-02,financieros,Spread de Tasas de Interés,11.60407905031579,11.60407905031579,11.60407905031579,
2018-02,morosidad,Morosidad Estresada,4.435950075073859,0.0,9.276564237437972,2.7615796135514525
2018-02,morosidad,Morosidad Simple,2.14,2.14,2.14,
2018-02,principales,ROA,1.88,1.88,1.88,
2018-02,principales,ROE (Rentabilidad del Patrimonio),17.78,17.78,17.78,
2018-02,principales,Índice Solvencia,18.15,18.15,18.15,
2018-03,financieros,Activos Improductivos / Patrimonio Neto,2.2,2.2,2.2,
2018-03,financieros,Activos Netos Totales / Patrimonio Neto,9.58,9.58,9.58,
2018-03,financieros,Margen de Intermediación Neto,9.23,9.23,9.23,
2018-03,financieros,Spread de Tasas de Interés,11.90263294003824,11.90263294003824,11.90263294003824,
2018-03,morosidad,Morosidad Estresada,4.458870740720204,0.0,9.784120730861611,2.69190495929744
2018-03,morosidad,Morosidad Simple,2.12,2.12,2.12,
2018-03,principales,ROA,1.92,1.92,1.92,
2018-03,principales,ROE (Rentabilidad del Patrimonio),18.33,18.33,18.33,
2018-03,principales,Índice Solvencia,18.01,18.01,18.01,
2018-04,financieros,Activos Improductivos / Patrimonio Neto,2.14,2.14,2.14,
2018-04,financieros,Activos Netos Totales / Patrimonio Neto,9.69,9.69,9.69,
2018-04,financieros,Margen de Intermediación Neto,9.2,9.2,9.2,
2018-04,financieros,Spread de Tasas de Interés,11.38779988223737,11.38779988223737,11.38779988223737,
2018-04,morosidad,Morosidad Estresada,4.390770244879188,0.0,10.14142235636275,2.610594716008894
2018-04,morosidad,Morosidad Simple,2.13,2.13,2.13,
2018-04,principales,ROA,1.91,1.91,1.91,
2018-04,principales,ROE (Rentabilidad del Patrimonio),18.33,18.33,18.33,
2018-04,principales,Índice Solvencia,18.51,18.51,18.51,
2018-05,financieros,Activos Improductivos / Patrimonio Neto,2.11,2.11,2.11,
2018-05,financieros,Activos Netos Totales / Patrimonio Neto,9.59,9.59,9.59,
2018-05,financieros,Margen de Intermediación Neto,9.24,9.24,9.24,
2018-05,financieros,Spread de Tasas de Interés,11.293145171052393,11.293145171052393,11.293145171052393,
2018-05,morosidad,Morosidad Estresada,4.002877213687745,0.0,9.284952305939184,2.495592063484398
2018-05,morosidad,Morosidad Simple,2.14,2.14,2.14,
2018-05,principales,ROA,1.92,1.92,1.92,
2018-05,principales,ROE (Rentabilidad del Patrimonio),18.25,18.25,18.25,
2018-05,principales,Índice Solvencia,18.74,18.74,18.74,
2018-06,financieros,Activos Improductivos / Patrimonio Neto,2.17,2.17,2.17,
2018-06,financieros,Activos Netos Totales / Patrimonio Neto,9.78,9.78,9.78,
2018-06,financieros,Margen de Intermediación Neto,9.21,9.21,9.21,
2018-06,financieros,Spread de Tasas de Interés,11.114592166100351,11.114592166100351,11.114592166100351,
2018-06,morosidad,Morosidad Estresada,3.872048577390872,0.0,8.680918356909746,2.364253477251413
2018-06,morosidad,Morosidad Simple,2.06,2.06,2.06,
2018-06,principales,ROA,1.96,1.96,1.96,
2018-06,principales,ROE (Rentabilidad del Patrimonio),18.83,18.83,18.83,
2018-06,principales,Índice Solvencia,18.39,18.39,18.39,
2018-07,financieros,Activos Improductivos / Patrimonio Neto,2.2,2.2,2.2,
2018-07,financieros,Activos Netos Totales / Patrimonio Neto,9.58,9.58,9.58,
2018-07,financieros,Margen de Intermediación Neto,9.22,9.22,9.22,
2018-07,financieros,Spread de Tasas de Interés,11.13705258190428,11.13705258190428,11.13705258190428,
2018-07,morosidad,Morosidad Estresada,3.604466692197279,0.0,8.128679213692637,2.0961284050869247
2018-07,morosidad,Morosidad Simple,2.03,2.03,2.03,
2018-07,principales,ROA,1.97,1.97,1.97,
2018-07,principales,ROE (Rentabilidad del Patrimonio),18.94,18.94,18.94,
2018-07,principales,Índice Solvencia,18.59,18.59,18.59,
2018-08,financieros,Activos Improductivos / Patrimonio Neto,2.1,2.1,2.1,
2018-08,financieros,Activos Netos Totales / Patrimonio Neto,9.57,9.57,9.57,
2018-08,financieros,Margen de Intermediación Neto,9.15,9.15,9.15,
2018-08,financieros,Spread de Tasas de Interés,11.133506691733784,11.133506691733784,11.133506691733784,
2018-08,morosidad,Morosidad Estresada,3.768590643116758,0.0,7.741714657961361,2.145027082763405
2018-08,morosidad,Morosidad Simple,1.99,1.99,1.99,
2018-08,principales,ROA,1.95,1.95,1.95,
2018-08,principales,ROE (Rentabilidad del Patrimonio),18.72,18.72,18.72,
2018-08,principales,Índice Solvencia,18.41,18.41,18.41,
2018-09,financieros,Activos Improductivos / Patrimonio Neto,2.14,2.14,2.14,
2018-09,financieros,Activos Netos Totales / Patrimonio Neto,9.53,9.53,9.53,
2018-09,financieros,Margen de Intermediación Neto,9.07,9.07,9.07,
2018-09,financieros,Spread de Tasas de Interés,11.08864767627968,11.08864767627968,11.08864767627968,
2018-09,morosidad,Morosidad Estresada,3.832738988842422,0.0,7.859602470319572,2.121973484005796
2018-09,morosidad,Morosidad Simple,2.03,2.03,2.03,
2018-09,principales,ROA,1.93,1.93,1.93,
2018-09,principales,ROE (Rentabilidad del Patrimonio),18.49,18.49,18.49,
2018-09,principales,Índice Solvencia,17.71,17.71,17.71,
2018-10,financieros,Activos Improductivos / Patrimonio Neto,2.05,2.05,2.05,
2018-10,financieros,Activos Netos Totales / Patrimonio Neto,9.41,9.41,9.41,
2018-10,financieros,Margen de Intermediación Neto,9.0,9.0,9.0,
2018-10,financieros,Spread de Tasas de Interés,10.964910149969032,10.964910149969032,10.964910149969032,
2018-10,morosidad,Morosidad Estresada,3.9688099806366735,0.0,9.208763021733743,2.340673395482485
2018-10,morosidad,Morosidad Simple,2.04,2.04,2.04,
2018-10,principales,ROA,1.91,1.91,1.91,
2018-10,principales,ROE (Rentabilidad del Patrimonio),18.29,18.29,18.29,
2018-10,principales,Índice Solvencia,17.62,17.62,17.62,
2018-11,financieros,Activos Improductivos / Patrimonio Neto,2.03,2.03,2.03,
2018-11,financieros,Activos Netos Totales / Patrimonio Neto,9.45,9.45,9.45,
2018-11,financieros,Margen de Intermediación Neto,8.91,8.91,8.91,
2018-11,financieros,Spread de Tasas de Interés,11.154081007660247,11.154081007660247,11.154081007660247,
2018-11,morosidad,Morosidad Estresada,3.7795720283807754,0.0,7.48620197622845,2.1302242467464256
2018-11,morosidad,Morosidad Simple,1.91,1.91,1.91,
2018-11,principales,ROA,1.88,1.88,1.88,
2018-11,principales,ROE (Rentabilidad del Patrimonio),17.9,17.9,17.9,
2018-11,principales,Índice Solvencia,17.39,17.39,17.39,
2018-12,financieros,Activos Improductivos / Patrimonio Neto,2.22,2.22,2.22,
2018-12,financieros,Activos Netos Totales / Patrimonio Neto,9.59,9.59,9.59,
2018-12,financieros,Margen de Intermediación Neto,8.85,8.85,8.85,
2018-12,financieros,Spread de Tasas de Interés,10.99840794351406,10.99840794351406,10.99840794351406,
2018-12,morosidad,Morosidad Estresada,3.616755973274088,0.0,7.242796604247621,2.044279934421799
2018-12,morosidad,Morosidad Simple,1.77,1.77,1.77,
2018-12,principales,ROA,1.96,1.96,1.96,
2018-12,principales,ROE (Rentabilidad del Patrimonio),17.93,17.93,17.93,
2018-12,principales,Índice Solvencia,17.1,17.1,17.1,
2019-01,financieros,Activos Improductivos / Patrimonio Neto,1.92,1.92,1.92,
2019-01,financieros,Activos Netos Totales / Patrimonio Neto,9.37,9.37,9.37,
2019-01,financieros,Margen de Intermediación Neto,8.24,8.24,8.24,
2019-01,financieros,Spread de Tasas de Interés,10.860126729612183,10.860126729612183,10.860126729612183,
2019-01,morosidad,Morosidad Estresada,3.6319266297876722,0.0,7.299254507574629,2.081654331695436
2019-01,morosidad,Morosidad Simple,1.78,1.78,1.78,
2019-01,principales,ROA,1.81,1.81,1.81,
2019-01,principales,ROE (Rentabilidad del Patrimonio),16.69,16.69,16.69,
2019-01,principales,Índice Solvencia,17.49,17.49,17.49,
2019-02,financieros,Activos Improductivos / Patrimonio Neto,1.97,1.97,1.97,
2019-02,financieros,Activos Netos Totales / Patrimonio Neto,9.43,9.43,9.43,
2019-02,financieros,Margen de Intermediación Neto,8.05,8.05,8.05,
2019-02,financieros,Spread de Tasas de Interés,10.83935365304533,10.83935365304533,10.83935365304533,
2019-02,morosidad,Morosidad Estresada,3.629248851809963,0.0,7.183714442769598,2.087984178700622
2019-02,morosidad,Morosidad Simple,1.77,1.77,1.77,
2019-02,principales,ROA,1.48,1.48,1.48,
2019-02,principales,ROE (Rentabilidad del Patrimonio),13.35,13.35,13.35,
2019-02,principales,Índice Solvencia,17.08,17.08,17.08,
2019-03,financieros,Activos Improductivos / Patrimonio Neto,2.05,2.05,2.05,
2019-03,financieros,Activos Netos Totales / Patrimonio Neto,9.73,9.73,9.73,
2019-03,financieros,Margen de Intermediación Neto,8.2,8.2,8.2,
2019-03,financieros,Spread de Tasas de Interés,10.861777716736096,10.861777716736096,10.861777716736096,
2019-03,morosidad,Morosidad Estresada,3.6484715632289575,0.0003380549845840979,6.8376431290703605,2.037507923726327
2019-03,morosidad,Morosidad Simple,1.76,1.76,1.76,
2019-03,principales,ROA,1.64,1.64,1.64,
2019-03,principales,ROE (Rentabilidad del Patrimonio),15.12,15.12,15.12,
2019-03,principales,Índice Solvencia,17.31,17.31,17.31,
2019-04,financieros,Activos Improductivos / Patrimonio Neto,2.08,2.08,2.08,
2019-04,financieros,Activos Netos Totales / Patrimonio Neto,9.69,9.69,9.69,
2019-04,financieros,Margen de Intermediación Neto,8.27,8.27,8.27,
2019-04,financieros,Spread de Tasas de Interés,11.060268526674173,11.060268526674173,11.060268526674173,
2019-04,morosidad,Morosidad Estresada,3.7390794732021093,0.0,7.074250640445734,2.0130693291879855
2019-04,morosidad,Morosidad Simple,1.8,1.8,1.8,
2019-04,principales,ROA,1.64,1.64,1.64,
2019-04,principales,ROE (Rentabilidad del Patrimonio),15.27,15.27,15.27,
2019-04,principales,Índice Solvencia,17.6,17.6,17.6,
2019-05,financieros,Activos Improductivos / Patrimonio Neto,1.93,1.93,1.93,
2019-05,financieros,Activos Netos Totales / Patrimonio Neto,9.36,9.36,9.36,
2019-05,financieros,Margen de Intermediación Neto,8.37,8.37,8.37,
2019-05,financieros,Spread de Tasas de Interés,11.047581144632964,11.047581144632964,11.047581144632964,
2019-05,morosidad,Morosidad Estresada,3.680466070154102,0.0,7.0731998953012525,1.8967986662068634
2019-05,morosidad,Morosidad Simple,1.75,1.75,1.75,
2019-05,principales,ROA,1.69,1.69,1.69,
2019-05,principales,ROE (Rentabilidad del Patrimonio),15.72,15.72,15.72,
2019-05,principales,Índice Solvencia,17.17,17.17,17.17,
2019-06,financieros,Activos Improductivos / Patrimonio Neto,2.05,2.05,2.05,
2019-06,financieros,Activos Netos Totales / Patrimonio Neto,9.52,9.52,9.52,
2019-06,financieros,Margen de Intermediación Neto,8.42,8.42,8.42,
2019-06,financieros,Spread de Tasas de Interés,11.303563652221456,11.303563652221456,11.303563652221456,
2019-06,morosidad,Morosidad Estresada,3.672530061720861,0.0,7.749629827514943,1.9796518028398398
2019-06,morosidad,Morosidad Simple,1.73,1.73,1.73,
2019-06,principales,ROA,1.73,1.73,1.73,
2019-06,principales,ROE (Rentabilidad del Patrimonio),16.08,16.08,16.08,
2019-06,principales,Índice Solvencia,17.73,17.73,17.73,
2019-07,financieros,Activos Improductivos / Patrimonio Neto,2.0,2.0,2.0,
2019-07,financieros,Activos Netos Totales / Patrimonio Neto,9.31,9.31,9.31,
2019-07,financieros,Margen de Intermediación Neto,8.56,8.56,8.56,
2019-07,financieros,Spread de Tasas de Interés,11.346770386750219,11.346770386750219,11.346770386750219,
2019-07,morosidad,Morosidad Estresada,3.845867224371104,0.15041895488704515,8.5262135517307,2.148424434560275
2019-07,morosidad,Morosidad Simple,1.77,1.77,1.77,
2019-07,principales,ROA,1.92,1.92,1.92,
2019-07,principales,ROE (Rentabilidad del Patrimonio),18.06,18.06,18.06,
2019-07,principales,Índice Solvencia,17.61,17.61,17.61,
2019-08,financieros,Activos Improductivos / Patrimonio Neto,1.94,1.94,1.94,
2019-08,financieros,Activos Netos Totales / Patrimonio Neto,9.16,9.16,9.16,
2019-08,financieros,Margen de Intermediación Neto,8.62,8.62,8.62,
2019-08,financieros,Spread de Tasas de Interés,11.47118415204614,11.47118415204614,11.47118415204614,
2019-08,morosidad,Morosidad Estresada,3.885524607117641,0.0,9.287052318496322,2.2116207827019467
2019-08,morosidad,Morosidad Simple,1.79,1.79,1.79,
2019-08,principales,ROA,1.94,1.94,1.94,
2019-08,principales,ROE (Rentabilidad del Patrimonio),18.2,18.2,18.2,
2019-08,principales,Índice Solvencia,18.15,18.15,18.15,
2019-09,financieros,Activos Improductivos / Patrimonio Neto,1.99,1.99,1.99,
2019-09,financieros,Activos Netos Totales / Patrimonio Neto,9.23,9.23,9.23,
2019-09,financieros,Margen de Intermediación Neto,8.59,8.59,8.59,
2019-09,financieros,Spread de Tasas de Interés,11.446223632424761,11.446223632424761,11.446223632424761,
2019-09,morosidad,Morosidad Estresada,4.144454806120816,1.0422682117245736,10.227258292031307,2.3427852314831243
2019-09,morosidad,Morosidad Simple,1.85,1.85,1.85,
2019-09,principales,ROA,1.95,1.95,1.95,
2019-09,principales,ROE (Rentabilidad del Patrimonio),18.26,18.26,18.26,
2019-09,principales,Índice Solvencia,17.18,17.18,17.18,
2019-10,financieros,Activos Improductivos / Patrimonio Neto,1.94,1.94,1.94,
2019-10,financieros,Activos Netos Totales / Patrimonio Neto,9.16,9.16,9.16,
2019-10,financieros,Margen de Intermediación Neto,8.6,8.6,8.6,
2019-10,financieros,Spread de Tasas de Interés,11.323884860804252,11.323884860804252,11.323884860804252,
2019-10,morosidad,Morosidad Estresada,3.922693434132665,0.08901896204581147,8.8650336346116,2.0015691832662057
2019-10,morosidad,Morosidad Simple,1.83,1.83,1.83,
2019-10,principales,ROA,1.99,1.99,1.99,
2019-10,principales,ROE (Rentabilidad del Patrimonio),18.6,18.6,18.6,
2019-10,principales,Índice Solvencia,16.81,16.81,16.81,
2019-11,financieros,Activos Improductivos / Patrimonio Neto,1.94,1.94,1.94,
2019-11,financieros,Activos Netos Totales / Patrimonio Neto,9.24,9.24,9.24,
2019-11,financieros,Margen de Intermediación Neto,8.59,8.59,8.59,
2019-11,financieros,Spread de Tasas de Interés,11.36056369703007,11.36056369703007,11.36056369703007,
2019-11,morosidad,Morosidad Estresada,3.9833726958926348,0.0,13.382988783615765,2.8326255330676666
2019-11,morosidad,Morosidad Simple,1.85,1.85,1.85,
2019-11,principales,ROA,1.95,1.95,1.95,
2019-11,principales,ROE (Rentabilidad del Patrimonio),18.16,18.16,18.16,
2019-11,principales,Índice Solvencia,16.55,16.55,16.55,
2019-12,financieros,Activos Improductivos / Patrimonio Neto,1.86,1.86,1.86,
2019-12,financieros,Activos Netos Totales / Patrimonio Neto,9.5,9.5,9.5,
2019-12,financieros,Margen de Intermediación Neto,8.57,8.57,8.57,
2019-12,financieros,Spread de Tasas de Interés,11.26200359877751,11.26200359877751,11.26200359877751,
2019-12,morosidad,Morosidad Estresada,3.738902380253446,0.0,10.212396146521566,2.4452043256174707
2019-12,morosidad,Morosidad Simple,1.7,1.7,1.7,
2019-12,principales,ROA,1.92,1.92,1.92,
2019-12,principales,ROE (Rentabilidad del Patrimonio),17.92,17.92,17.92,
2019-12,principales,Índice Solvencia,16.57,16.57,16.57,
2020-01,financieros,Activos Improductivos / Patrimonio Neto,1.94,1.94,1.94,
2020-01,financieros,Activos Netos Totales / Patrimonio Neto,9.46,9.46,9.46,
2020-01,financieros,Margen de Intermediación Neto,8.49,8.49,8.49,
2020-01,financieros,Spread de Tasas de Interés,11.215454705260052,11.215454705260052,11.215454705260052,
2020-01,morosidad,Morosidad Estresada,4.111498096111677,0.0,11.815428384447465,3.0149826668713926
2020-01,morosidad,Morosidad Simple,1.82,1.82,1.82,
2020-01,principales,ROA,1.78,1.78,1.78,
2020-01,principales,ROE (Rentabilidad del Patrimonio),16.65,16.65,16.65,
2020-01,principales,Índice Solvencia,16.96,16.96,16.96,
2020-02,financieros,Activos Improductivos / Patrimonio Neto,2.02,2.02,2.02,
2020-02,financieros,Activos Netos Totales / Patrimonio Neto,9.29,9.29,9.29,
2020-02,financieros,Margen de Intermediación Neto,8.63,8.63,8.63,
2020-02,financieros,Spread de Tasas de Interés,11.212270987775048,11.212270987775048,11.212270987775048,
2020-02,morosidad,Morosidad Estresada,4.54249752485055,0.22272915380167807,13.385038342943368,3.411985368994976
2020-02,morosidad,Morosidad Simple,1.92,1.92,1.92,
2020-02,principales,ROA,1.77,1.77,1.77,
2020-02,principales,ROE (Rentabilidad del Patrimonio),16.53,16.53,16.53,
2020-02,principales,Índice Solvencia,16.2,16.2,16.2,
2020-03,financieros,Activos Improductivos / Patrimonio Neto,2.2,2.2,2.2,
2020-03,financieros,Activos Netos Totales / Patrimonio Neto,9.5,9.5,9.5,
2020-03,financieros,Margen de Intermediación Neto,8.71,8.71,8.71,
2020-03,financieros,Spread de Tasas de Interés,11.313926939941084,11.313926939941084,11.313926939941084,
2020-03,morosidad,Morosidad Estresada,4.85648029033339,0.013704465965600529,15.409280719196571,3.528518566527876
2020-03,morosidad,Morosidad Simple,2.24,2.24,2.24,
2020-03,principales,ROA,1.82,1.82,1.82,
2020-03,principales,ROE (Rentabilidad del Patrimonio),17.11,17.11,17.11,
2020-03,principales,Índice Solvencia,17.16,17.16,17.16,
2020-04,financieros,Activos Improductivos / Patrimonio Neto,2.27,2.27,2.27,
2020-04,financieros,Activos Netos Totales / Patrimonio Neto,9.53,9.53,9.53,
2020-04,financieros,Margen de Intermediación Neto,8.51,8.51,8.51,
2020-04,financieros,Spread de Tasas de Interés,10.850764197872028,10.850764197872028,10.850764197872028,
2020-04,morosidad,Morosidad Estresada,5.580638205419416,0.08672584759463434,22.36178416728166,5.055266665644508
2020-04,morosidad,Morosidad Simple,2.51,2.51,2.51,
2020-04,principales,ROA,1.71,1.71,1.71,
2020-04,principales,ROE (Rentabilidad del Patrimonio),16.3,16.3,16.3,
2020-04,principales,Índice Solvencia,17.14,17.14,17.14,
2020-05,financieros,Activos Improductivos / Patrimonio Neto,2.49,2.49,2.49,
2020-05,financieros,Activos Netos Totales / Patrimonio Neto,9.71,9.71,9.71,
2020-05,financieros,Margen de Intermediación Neto,8.34,8.34,8.34,
2020-05,financieros,Spread de Tasas de Interés,10.617531954372845,10.617531954372845,10.617531954372845,
2020-05,morosidad,Morosidad Estresada,5.467042794711568,0.0,19.908111841567795,5.058184268408465
2020-05,morosidad,Morosidad Simple,2.52,2.52,2.52,
2020-05,principales,ROA,1.66,1.66,1.66,
2020-05,principales,ROE (Rentabilidad del Patrimonio),16.04,16.04,16.04,
2020-05,principales,Índice Solvencia,17.45,17.45,17.45,
2020-06,financieros,Activos Improductivos / Patrimonio Neto,2.73,2.73,2.73,
2020-06,financieros,Activos Netos Totales / Patrimonio Neto,9.85,9.85,9.85,
2020-06,financieros,Margen de Intermediación Neto,7.95,7.95,7.95,
2020-06,financieros,Spread de Tasas de Interés,11.065331143211013,11.065331143211013,11.065331143211013,
2020-06,morosidad,Morosidad Estresada,5.192834226681232,0.42552081184819507,22.703170947843272,5.17847706110597
2020-06,morosidad,Morosidad Simple,2.31,2.31,2.31,
2020-06,principales,ROA,1.6,1.6,1.6,
2020-06,principales,ROE (Rentabilidad del Patrimonio),15.56,15.56,15.56,
2020-06,principales,Índice Solvencia,17.67,17.67,17.67,
2020-07,financieros,Activos Improductivos / Patrimonio Neto,2.87,2.87,2.87,
2020-07,financieros,Activos Netos Totales / Patrimonio Neto,10.17,10.17,10.17,
2020-07,financieros,Margen de Intermediación Neto,8.15,8.15,8.15,
2020-07,financieros,Spread de Tasas de Interés,11.014039139148416,11.014039139148416,11.014039139148416,
2020-07,morosidad,Morosidad Estresada,5.160506930449573,0.0,25.20158565795556,5.62952015889097
2020-07,morosidad,Morosidad Simple,2.18,2.18,2.18,
2020-07,principales,ROA,1.62,1.62,1.62,
2020-07,principales,ROE (Rentabilidad del Patrimonio),15.88,15.88,15.88,
2020-07,principales,Índice Solvencia,18.26,18.26,18.26,
2020-08,financieros,Activos Improductivos / Patrimonio Neto,2.95,2.95,2.95,
2020-08,financieros,Activos Netos Totales / Patrimonio Neto,10.33,10.33,10.33,
2020-08,financieros,Margen de Intermediación Neto,8.26,8.26,8.26,
2020-08,financieros,Spread de Tasas de Interés,10.961079228771787,10.961079228771787,10.961079228771787,
2020-08,morosidad,Morosidad Estresada,5.157100272068704,0.0,26.200209206773746,5.736613070060615
2020-08,morosidad,Morosidad Simple,2.17,2.17,2.17,
2020-08,principales,ROA,1.6,1.6,1.6,
2020-08,principales,ROE (Rentabilidad del Patrimonio),15.81,15.81,15.81,
2020-08,principales,Índice Solvencia,18.95,18.95,18.95,
2020-09,financieros,Activos Improductivos / Patrimonio Neto,2.89,2.89,2.89,
2020-09,financieros,Activos Netos Totales / Patrimonio Neto,10.29,10.29,10.29,
2020-09,financieros,Margen de Intermediación Neto,8.71,8.71,8.71,
2020-09,financieros,Spread de Tasas de Interés,10.943437381598752,10.943437381598752,10.943437381598752,
2020-09,morosidad,Morosidad Estresada,5.136340454523103,0.0,27.872634333145317,6.0912894695158295
2020-09,morosidad,Morosidad Simple,2.15,2.15,2.15,
2020-09,principales,ROA,1.6,1.6,1.6,
2020-09,principales,ROE (Rentabilidad del Patrimonio),15.84,15.84,15.84,
2020-09,principales,Índice Solvencia,19.26,19.26,19.26,
2020-10,financieros,Activos Improductivos / Patrimonio Neto,2.99,2.99,2.99,
2020-10,financieros,Activos Netos Totales / Patrimonio Neto,10.32,10.32,10.32,
2020-10,financieros,Margen de Intermediación Neto,8.79,8.79,8.79,
2020-10,financieros,Spread de Tasas de Interés,10.916230162106576,10.916230162106576,10.916230162106576,
2020-10,morosidad,Morosidad Estresada,5.316685083817962,0.0,24.92476565387293,5.480093777346715
2020-10,morosidad,Morosidad Simple,2.32,2.32,2.32,
2020-10,principales,ROA,1.6,1.6,1.6,
2020-10,principales,ROE (Rentabilidad del Patrimonio),15.94,15.94,15.94,
2020-10,principales,Índice Solvencia,20.35,20.35,20.35,
2020-11,financieros,Activos Improductivos / Patrimonio Neto,3.19,3.19,3.19,
2020-11,financieros,Activos Netos Totales / Patrimonio Neto,10.44,10.44,10.44,
2020-11,financieros,Margen de Intermediación Neto,8.79,8.79,8.79,
2020-11,financieros,Spread de Tasas de Interés,10.974917179923594,10.974917179923594,10.974917179923594,
2020-11,morosidad,Morosidad Estresada,5.391294887223331,0.7978395723231151,25.118156718011353,5.388165907411008
2020-11,morosidad,Morosidad Simple,2.28,2.28,2.28,
2020-11,principales,ROA,1.56,1.56,1.56,
2020-11,principales,ROE (Rentabilidad del Patrimonio),15.53,15.53,15.53,
2020-11,principales,Índice Solvencia,19.9,19.9,19.9,
2020-12,financieros,Activos Improductivos / Patrimonio Neto,3.11,3.11,3.11,
2020-12,financieros,Activos Netos Totales / Patrimonio Neto,10.44,10.44,10.44,
2020-12,financieros,Margen de Intermediación Neto,8.78,8.78,8.78,
2020-12,financieros,Spread de Tasas de Interés,10.97206657664897,10.97206657664897,10.97206657664897,
2020-12,morosidad,Morosidad Estresada,4.635896068849259,0.0,21.997300987006664,4.878731687377755
2020-12,morosidad,Morosidad Simple,2.16,2.16,2.16,
2020-12,principales,ROA,1.55,1.55,1.55,
2020-12,principales,ROE (Rentabilidad del Patrimonio),15.47,15.47,15.47,
2020-12,principales,Índice Solvencia,21.02,21.02,21.02,
2021-01,financieros,Activos Improductivos / Patrimonio Neto,3.07,3.07,3.07,
2021-01,financieros,Activos Netos Totales / Patrimonio Neto,10.42,10.42,10.42,
2021-01,financieros,Margen de Intermediación Neto,10.59,10.59,10.59,
2021-01,financieros,Spread de Tasas de Interés,10.78719926429142,10.78719926429142,10.78719926429142,
2021-01,morosidad,Morosidad Estresada,5.247535411071154,1.488203048381196,24.68218627234491,5.308053509108628
2021-01,morosidad,Morosidad Simple,2.22,2.22,2.22,
2021-01,principales,ROA,1.66,1.66,1.66,
2021-01,principales,ROE (Rentabilidad del Patrimonio),16.65,16.65,16.65,
2021-01,principales,Índice Solvencia,21.56,21.56,21.56,
2021-02,financieros,Activos Improductivos / Patrimonio Neto,2.93,2.93,2.93,
2021-02,financieros,Activos Netos Totales / Patrimonio Neto,10.23,10.23,10.23,
2021-02,financieros,Margen de Intermediación Neto,11.2,11.2,11.2,
2021-02,financieros,Spread de Tasas de Interés,10.689729498993803,10.689729498993803,10.689729498993803,
2021-02,morosidad,Morosidad Estresada,5.041118647320212,0.0,26.1610622270511,5.893143986376217
2021-02,morosidad,Morosidad Simple,2.17,2.17,2.17,
2021-02,principales,ROA,1.75,1.75,1.75,
2021-02,principales,ROE (Rentabilidad del Patrimonio),17.67,17.67,17.67,
2021-02,principales,Índice Solvencia,21.17,21.17,21.17,
2021-03,financieros,Activos Improductivos / Patrimonio Neto,2.98,2.98,2.98,
2021-03,financieros,Activos Netos Totales / Patrimonio Neto,10.24,10.24,10.24,
2021-03,financieros,Margen de Intermediación Neto,10.44,10.44,10.44,
2021-03,financieros,Spread de Tasas de Interés,10.571721517908156,10.571721517908156,10.571721517908156,
2021-03,morosidad,Morosidad Estresada,5.701371390177047,0.0,28.43627785377795,6.289063177607731
2021-03,morosidad,Morosidad Simple,2.16,2.16,2.16,
2021-03,principales,ROA,1.9,1.9,1.9,
2021-03,principales,ROE (Rentabilidad del Patrimonio),19.25,19.25,19.25,
2021-03,principales,Índice Solvencia,22.0,22.0,22.0,
2021-04,financieros,Activos Improductivos / Patrimonio Neto,3.0,3.0,3.0,
2021-04,financieros,Activos Netos Totales / Patrimonio Neto,10.29,10.29,10.29,
2021-04,financieros,Margen de Intermediación Neto,9.92,9.92,9.92,
2021-04,financieros,Spread de Tasas de Interés,10.63755475172334,10.63755475172334,10.63755475172334,
2021-04,morosidad,Morosidad Estresada,6.934994245941311,0.0,34.4375405577852,7.516399551293406
2021-04,morosidad,Morosidad Simple,2.11,2.11,2.11,
2021-04,principales,ROA,1.89,1.89,1.89,
2021-04,principales,ROE (Rentabilidad del Patrimonio),19.07,19.07,19.07,
2021-04,principales,Índice Solvencia,21.43,21.43,21.43,
2021-05,financieros,Activos Improductivos / Patrimonio Neto,2.98,2.98,2.98,
2021-05,financieros,Activos Netos Totales / Patrimonio Neto,10.29,10.29,10.29,
2021-05,financieros,Margen de Intermediación Neto,9.64,9.64,9.64,
2021-05,financieros,Spread de Tasas de Interés,10.659167492412308,10.659167492412308,10.659167492412308,
2021-05,morosidad,Morosidad Estresada,6.376518652438619,0.0,25.236247409054485,5.592038374247825
2021-05,morosidad,Morosidad Simple,2.04,2.04,2.04,
2021-05,principales,ROA,1.91,1.91,1.91,
2021-05,principales,ROE (Rentabilidad del Patrimonio),19.35,19.35,19.35,
2021-05,principales,Índice Solvencia,21.55,21.55,21.55,
2021-06,financieros,Activos Improductivos / Patrimonio Neto,2.92,2.92,2.92,
2021-06,financieros,Activos Netos Totales / Patrimonio Neto,10.22,10.22,10.22,
2021-06,financieros,Margen de Intermediación Neto,9.67,9.67,9.67,
2021-06,financieros,Spread de Tasas de Interés,10.51330360471238,10.51330360471238,10.51330360471238,
2021-06,morosidad,Morosidad Estresada,6.183242042775009,0.0,28.136361966163552,6.208830267160834
2021-06,morosidad,Morosidad Simple,1.85,1.85,1.85,
2021-06,principales,ROA,2.06,2.06,2.06,
2021-06,principales,ROE (Rentabilidad del Patrimonio),20.94,20.94,20.94,
2021-06,principales,Índice Solvencia,22.38,22.38,22.38,
2021-07,financieros,Activos Improductivos / Patrimonio Neto,2.8,2.8,2.8,
2021-07,financieros,Activos Netos Totales / Patrimonio Neto,10.15,10.15,10.15,
2021-07,financieros,Margen de Intermediación Neto,9.54,9.54,9.54,
2021-07,financieros,Spread de Tasas de Interés,10.40873926098254,10.40873926098254,10.40873926098254,
2021-07,morosidad,Morosidad Estresada,6.211959853810796,0.0,28.002085876209737,6.137702430655158
2021-07,morosidad,Morosidad Simple,1.76,1.76,1.76,
2021-07,principales,ROA,2.03,2.03,2.03,
2021-07,principales,ROE (Rentabilidad del Patrimonio),20.42,20.42,20.42,
2021-07,principales,Índice Solvencia,22.29,22.29,22.29,
2021-08,financieros,Activos Improductivos / Patrimonio Neto,2.77,2.77,2.77,
2021-08,financieros,Activos Netos Totales / Patrimonio Neto,10.06,10.06,10.06,
2021-08,financieros,Margen de Intermediación Neto,9.47,9.47,9.47,
2021-08,financieros,Spread de Tasas de Interés,10.53530150709447,10.53530150709447,10.53530150709447,
2021-08,morosidad,Morosidad Estresada,6.199041456773456,0.0,26.7974634606401,5.9650142415400795
2021-08,morosidad,Morosidad Simple,1.69,1.69,1.69,
2021-08,principales,ROA,2.03,2.03,2.03,
2021-08,principales,ROE (Rentabilidad del Patrimonio),20.4,20.4,20.4,
2021-08,principales,Índice Solvencia,20.01,20.01,20.01,
2021-09,financieros,Activos Improductivos / Patrimonio Neto,2.56,2.56,2.56,
2021-09,financieros,Activos Netos Totales / Patrimonio Neto,9.98,9.98,9.98,
2021-09,financieros,Margen de Intermediación Neto,9.44,9.44,9.44,
2021-09,financieros,Spread de Tasas de Interés,10.563464634323818,10.563464634323818,10.563464634323818,
2021-09,morosidad,Morosidad Estresada,6.116818590787795,0.0,29.258674114440815,6.487577359248103
2021-09,morosidad,Morosidad Simple,1.63,1.63,1.63,
2021-09,principales,ROA,2.02,2.02,2.02,
2021-09,principales,ROE (Rentabilidad del Patrimonio),20.24,20.24,20.24,
2021-09,principales,Índice Solvencia,19.86,19.86,19.86,
2021-10,financieros,Activos Improductivos / Patrimonio Neto,2.51,2.51,2.51,
2021-10,financieros,Activos Netos Totales / Patrimonio Neto,9.9,9.9,9.9,
2021-10,financieros,Margen de Intermediación Neto,9.29,9.29,9.29,
2021-10,financieros,Spread de Tasas de Interés,10.605123789519721,10.605123789519721,10.605123789519721,
2021-10,morosidad,Morosidad Estresada,6.147073634291507,0.0,28.463334409433532,6.282195124068352
2021-10,morosidad,Morosidad Simple,1.58,1.58,1.58,
2021-10,principales,ROA,2.02,2.02,2.02,
2021-10,principales,ROE (Rentabilidad del Patrimonio),20.12,20.12,20.12,
2021-10,principales,Índice Solvencia,19.63,19.63,19.63,
2021-11,financieros,Activos Improductivos / Patrimonio Neto,2.58,2.58,2.58,
2021-11,financieros,Activos Netos Totales / Patrimonio Neto,10.17,10.17,10.17,
2021-11,financieros,Margen de Intermediación Neto,9.17,9.17,9.17,
2021-11,financieros,Spread de Tasas de Interés,10.61710354236849,10.61710354236849,10.61710354236849,
2021-11,morosidad,Morosidad Estresada,6.028481700282668,0.0,26.83128776183283,6.0085942677963695
2021-11,morosidad,Morosidad Simple,1.51,1.51,1.51,
2021-11,principales,ROA,2.0,2.0,2.0,
2021-11,principales,ROE (Rentabilidad del Patrimonio),19.91,19.91,19.91,
2021-11,principales,Índice Solvencia,19.06,19.06,19.06,
2021-12,financieros,Activos Improductivos / Patrimonio Neto,2.47,2.47,2.47,
2021-12,financieros,Activos Netos Totales / Patrimonio Neto,10.29,10.29,10.29,
2021-12,financieros,Margen de Intermediación Neto,8.96,8.96,8.96,
2021-12,financieros,Spread de Tasas de Interés,10.443793822894165,10.443793822894165,10.443793822894165,
2021-12,morosidad,Morosidad Estresada,4.867956026493989,0.0,10.881821373574665,3.340839170224625
2021-12,morosidad,Morosidad Simple,1.4,1.4,1.4,
2021-12,principales,ROA,1.99,1.99,1.99,
2021-12,principales,ROE (Rentabilidad del Patrimonio),19.76,19.76,19.76,
2021-12,principales,Índice Solvencia,19.06,19.06,19.06,
2022-01,financieros,Activos Improductivos / Patrimonio Neto,1.88,1.88,1.88,
2022-01,financieros,Activos Netos Totales / Patrimonio Neto,9.61,9.61,9.61,
2022-01,financieros,Margen de Intermediación Neto,7.55,7.55,7.55,
2022-01,financieros,Spread de Tasas de Interés,10.316139268670142,10.316139268670142,10.316139268670142,
2022-01,morosidad,Morosidad Estresada,4.62846900839066,0.0,9.952178074483538,3.0812533163904328
2022-01,morosidad,Morosidad Simple,1.4,1.4,1.4,
2022-01,principales,ROA,1.89,1.89,1.89,
2022-01,principales,ROE (Rentabilidad del Patrimonio),17.72,17.72,17.72,
2022-01,principales,Índice Solvencia,19.47,19.47,19.47,
2022-02,financieros,Activos Improductivos / Patrimonio Neto,1.82,1.82,1.82,
2022-02,financieros,Activos Netos Totales / Patrimonio Neto,9.68,9.68,9.68,
2022-02,financieros,Margen de Intermediación Neto,6.6,6.6,6.6,
2022-02,financieros,Spread de Tasas de Interés,10.379701833169229,10.379701833169229,10.379701833169229,
2022-02,morosidad,Morosidad Estresada,4.627485575365803,0.0,9.450968216927306,3.101309793715694
2022-02,morosidad,Morosidad Simple,1.34,1.34,1.34,
2022-02,principales,ROA,2.03,2.03,2.03,
2022-02,principales,ROE (Rentabilidad del Patrimonio),19.54,19.54,19.54,
2022-02,principales,Índice Solvencia,17.61,17.61,17.61,
2022-03,financieros,Activos Improductivos / Patrimonio Neto,1.95,1.95,1.95,
2022-03,financieros,Activos Netos Totales / Patrimonio Neto,9.94,9.94,9.94,
2022-03,financieros,Margen de Intermediación Neto,6.73,6.73,6.73,
2022-03,financieros,Spread de Tasas de Interés,10.260108304176413,10.260108304176413,10.260108304176413,
2022-03,morosidad,Morosidad Estresada,4.585638448806876,0.0,9.76345752319279,3.1235632983160073
2022-03,morosidad,Morosidad Simple,1.23,1.23,1.23,
2022-03,principales,ROA,2.08,2.08,2.08,
2022-03,principales,ROE (Rentabilidad del Patrimonio),20.01,20.01,20.01,
2022-03,principales,Índice Solvencia,17.67,17.67,17.67,
2022-04,financieros,Activos Improductivos / Patrimonio Neto,1.96,1.96,1.96,
2022-04,financieros,Activos Netos Totales / Patrimonio Neto,9.93,9.93,9.93,
2022-04,financieros,Margen de Intermediación Neto,6.7,6.7,6.7,
2022-04,financieros,Spread de Tasas de Interés,10.230574482171717,10.230574482171717,10.230574482171717,
2022-04,morosidad,Morosidad Estresada,4.317763149608185,0.0,9.178619893901168,2.887608833105266
2022-04,morosidad,Morosidad Simple,1.2,1.2,1.2,
2022-04,principales,ROA,2.0,2.0,2.0,
2022-04,principales,ROE (Rentabilidad del Patrimonio),19.32,19.32,19.32,
2022-04,principales,Índice Solvencia,17.6,17.6,17.6,
2022-05,financieros,Activos Improductivos / Patrimonio Neto,2.15,2.15,2.15,
2022-05,financieros,Activos Netos Totales / Patrimonio Neto,9.86,9.86,9.86,
2022-05,financieros,Margen de Intermediación Neto,6.95,6.95,6.95,
2022-05,financieros,Spread de Tasas de Interés,10.28739889777048,10.28739889777048,10.28739889777048,
2022-05,morosidad,Morosidad Estresada,4.48601620779609,0.0,8.687195633913221,2.875306280995591
2022-05,morosidad,Morosidad Simple,1.19,1.19,1.19,
2022-05,principales,ROA,2.09,2.09,2.09,
2022-05,principales,ROE (Rentabilidad del Patrimonio),20.31,20.31,20.31,
2022-05,principales,Índice Solvencia,16.47,16.47,16.47,
2022-06,financieros,Activos Improductivos / Patrimonio Neto,1.94,1.94,1.94,
2022-06,financieros,Activos Netos Totales / Patrimonio Neto,10.01,10.01,10.01,
2022-06,financieros,Margen de Intermediación Neto,6.92,6.92,6.92,
2022-06,financieros,Spread de Tasas de Interés,10.265748974616725,10.265748974616725,10.265748974616725,
2022-06,morosidad,Morosidad Estresada,4.281299808291764,0.0,9.435291459377263,2.837095150569574
2022-06,morosidad,Morosidad Simple,1.12,1.12,1.12,
2022-06,principales,ROA,2.16,2.16,2.16,
2022-06,principales,ROE (Rentabilidad del Patrimonio),21.1,21.1,21.1,
2022-06,principales,Índice Solvencia,16.4,16.4,16.4,
2022-07,financieros,Activos Improductivos / Patrimonio Neto,1.98,1.98,1.98,
2022-07,financieros,Activos Netos Totales / Patrimonio Neto,10.12,10.12,10.12,
2022-07,financieros,Margen de Intermediación Neto,6.92,6.92,6.92,
2022-07,financieros,Spread de Tasas de Interés,10.21766924781533,10.21766924781533,10.21766924781533,
2022-07,morosidad,Morosidad Estresada,4.2907400624551215,0.0,10.627910663688459,2.992067256756437
2022-07,morosidad,Morosidad Simple,1.1,1.1,1.1,
2022-07,principales,ROA,2.17,2.17,2.17,
2022-07,principales,ROE (Rentabilidad del Patrimonio),21.28,21.28,21.28,
2022-07,principales,Índice Solvencia,16.15,16.15,16.15,
2022-08,financieros,Activos Improductivos / Patrimonio Neto,1.86,1.86,1.86,
2022-08,financieros,Activos Netos Totales / Patrimonio Neto,9.9,9.9,9.9,
2022-08,financieros,Margen de Intermediación Neto,6.92,6.92,6.92,
2022-08,financieros,Spread de Tasas de Interés,10.314207315875816,10.314207315875816,10.314207315875816,
2022-08,morosidad,Morosidad Estresada,4.206387077574438,0.0,10.897970043858791,2.9687826153830663
2022-08,morosidad,Morosidad Simple,1.06,1.06,1.06,
2022-08,principales,ROA,2.19,2.19,2.19,
2022-08,principales,ROE (Rentabilidad del Patrimonio),21.49,21.49,21.49,
2022-08,principales,Índice Solvencia,17.35,17.35,17.35,
2022-09,financieros,Activos Improductivos / Patrimonio Neto,1.8,1.8,1.8,
2022-09,financieros,Activos Netos Totales / Patrimonio Neto,9.95,9.95,9.95,
2022-09,financieros,Margen de Intermediación Neto,6.85,6.85,6.85,
2022-09,financieros,Spread de Tasas de Interés,10.56589604315165,10.56589604315165,10.56589604315165,
2022-09,morosidad,Morosidad Estresada,4.115213221865209,0.0,11.482870497425306,3.023197269519101
2022-09,morosidad,Morosidad Simple,1.05,1.05,1.05,
2022-09,principales,ROA,2.2,2.2,2.2,
2022-09,principales,ROE (Rentabilidad del Patrimonio),21.58,21.58,21.58,
2022-09,principales,Índice Solvencia,17.35,17.35,17.35,
2022-10,financieros,Activos Improductivos / Patrimonio Neto,1.86,1.86,1.86,
2022-10,financieros,Activos Netos Totales / Patrimonio Neto,9.78,9.78,9.78,
2022-10,financieros,Margen de Intermediación Neto,7.02,7.02,7.02,
2022-10,financieros,Spread de Tasas de Interés,10.800335059481812,10.800335059481812,10.800335059481812,
2022-10,morosidad,Morosidad Estresada,4.341247664292734,0.0,11.851431894436223,3.004298158392025
2022-10,morosidad,Morosidad Simple,1.09,1.09,1.09,
2022-10,principales,ROA,2.26,2.26,2.26,
2022-10,principales,ROE (Rentabilidad del Patrimonio),22.3,22.3,22.3,
2022-10,principales,Índice Solvencia,16.95,16.95,16.95,
2022-11,financieros,Activos Improductivos / Patrimonio Neto,1.91,1.91,1.91,
2022-11,financieros,Activos Netos Totales / Patrimonio Neto,9.75,9.75,9.75,
2022-11,financieros,Margen de Intermediación Neto,7.01,7.01,7.01,
2022-11,financieros,Spread de Tasas de Interés,10.95742112464389,10.95742112464389,10.95742112464389,
2022-11,morosidad,Morosidad Estresada,4.408582976873612,0.7978633330658158,11.629110575686761,2.786531214269241
2022-11,morosidad,Morosidad Simple,1.08,1.08,1.08,
2022-11,principales,ROA,2.23,2.23,2.23,
2022-11,principales,ROE (Rentabilidad del Patrimonio),21.93,21.93,21.93,
2022-11,principales,Índice Solvencia,16.49,16.49,16.49,
2022-12,financieros,Activos Improductivos / Patrimonio Neto,1.89,1.89,1.89,
2022-12,financieros,Activos Netos Totales / Patrimonio Neto,9.54,9.54,9.54,
2022-12,financieros,Margen de Intermediación Neto,7.04,7.04,7.04,
2022-12,financieros,Spread de Tasas de Interés,11.003595291217787,11.003595291217787,11.003595291217787,
2022-12,morosidad,Morosidad Estresada,4.238199966618622,0.0,9.687928176255575,2.7260445023381528
2022-12,morosidad,Morosidad Simple,1.07,1.07,1.07,
2022-12,principales,ROA,2.24,2.24,2.24,
2022-12,principales,ROE (Rentabilidad del Patrimonio),21.99,21.99,21.99,
2022-12,principales,Índice Solvencia,16.72,16.72,16.72,
2023-01,financieros,Activos Improductivos / Patrimonio Neto,1.95,1.95,1.95,
2023-01,financieros,Activos Netos Totales / Patrimonio Neto,9.36,9.36,9.36,
2023-01,financieros,Margen de Intermediación Neto,7.64,7.64,7.64,
2023-01,financieros,Spread de Tasas de Interés,10.982924115002001,10.982924115002001,10.982924115002001,
2023-01,morosidad,Morosidad Estresada,4.2389962108748565,0.0,9.17913450988691,2.6248232696095455
2023-01,morosidad,Morosidad Simple,1.11,1.11,1.11,
2023-01,principales,ROA,2.57,2.57,2.57,
2023-01,principales,ROE (Rentabilidad del Patrimonio),23.75,23.75,23.75,
2023-01,principales,Índice Solvencia,17.47,17.47,17.47,
2023-02,financieros,Activos Improductivos / Patrimonio Neto,1.85,1.85,1.85,
2023-02,financieros,Activos Netos Totales / Patrimonio Neto,9.14,9.14,9.14,
2023-02,financieros,Margen de Intermediación Neto,8.03,8.03,8.03,
2023-02,financieros,Spread de Tasas de Interés,11.203068771008013,11.203068771008013,11.203068771008013,
2023-02,morosidad,Morosidad Estresada,4.203681623909098,0.0,9.037808407495596,2.5343618951475144
2023-02,morosidad,Morosidad Simple,1.11,1.11,1.11,
2023-02,principales,ROA,2.64,2.64,2.64,
2023-02,principales,ROE (Rentabilidad del Patrimonio),24.68,24.68,24.68,
2023-02,principales,Índice Solvencia,16.67,16.67,16.67,
2023-03,financieros,Activos Improductivos / Patrimonio Neto,1.94,1.94,1.94,
2023-03,financieros,Activos Netos Totales / Patrimonio Neto,9.55,9.55,9.55,
2023-03,financieros,Margen de Intermediación Neto,8.29,8.29,8.29,
2023-03,financieros,Spread de Tasas de Interés,11.027919251951193,11.027919251951193,11.027919251951193,
2023-03,morosidad,Morosidad Estresada,4.162102408350072,0.0,9.25162653586813,2.505313805462786
2023-03,morosidad,Morosidad Simple,1.12,1.12,1.12,
2023-03,principales,ROA,2.74,2.74,2.74,
2023-03,principales,ROE (Rentabilidad del Patrimonio),25.91,25.91,25.91,
2023-03,principales,Índice Solvencia,17.33,17.33,17.33,
2023-04,financieros,Activos Improductivos / Patrimonio Neto,1.89,1.89,1.89,
2023-04,financieros,Activos Netos Totales / Patrimonio Neto,9.35,9.35,9.35,
2023-04,financieros,Margen de Intermediación Neto,8.11,8.11,8.11,
2023-04,financieros,Spread de Tasas de Interés,11.158387764569511,11.158387764569511,11.158387764569511,
2023-04,morosidad,Morosidad Estresada,4.218700025001375,0.0,9.032994596751399,2.4733731431537342
2023-04,morosidad,Morosidad Simple,1.16,1.16,1.16,
2023-04,principales,ROA,2.62,2.62,2.62,
2023-04,principales,ROE (Rentabilidad del Patrimonio),24.77,24.77,24.77,
2023-04,principales,Índice Solvencia,17.35,17.35,17.35,
2023-05,financieros,Activos Improductivos / Patrimonio Neto,1.93,1.93,1.93,
2023-05,financieros,Activos Netos Totales / Patrimonio Neto,9.34,9.34,9.34,
2023-05,financieros,Margen de Intermediación Neto,8.03,8.03,8.03,
2023-05,financieros,Spread de Tasas de Interés,11.084979571438975,11.084979571438975,11.084979571438975,
2023-05,morosidad,Morosidad Estresada,3.9466150907026267,0.0,7.893865877287191,2.179289709493799
2023-05,morosidad,Morosidad Simple,1.19,1.19,1.19,
2023-05,principales,ROA,2.54,2.54,2.54,
2023-05,principales,ROE (Rentabilidad del Patrimonio),24.03,24.03,24.03,
2023-05,principales,Índice Solvencia,17.27,17.27,17.27,
2023-06,financieros,Activos Improductivos / Patrimonio Neto,2.06,2.06,2.06,
2023-06,financieros,Activos Netos Totales / Patrimonio Neto,9.95,9.95,9.95,
2023-06,financieros,Margen de Intermediación Neto,7.95,7.95,7.95,
2023-06,financieros,Spread de Tasas de Interés,10.932123260682964,10.932123260682964,10.932123260682964,
2023-06,morosidad,Morosidad Estresada,3.840096798110603,0.0,7.275433281483745,2.0855995176265605
2023-06,morosidad,Morosidad Simple,1.15,1.15,1.15,
2023-06,principales,ROA,2.55,2.55,2.55,
2023-06,principales,ROE (Rentabilidad del Patrimonio),24.49,24.49,24.49,
2023-06,principales,Índice Solvencia,17.2,17.2,17.2,
2023-07,financieros,Activos Improductivos / Patrimonio Neto,2.06,2.06,2.06,
2023-07,financieros,Activos Netos Totales / Patrimonio Neto,9.88,9.88,9.88,
2023-07,financieros,Margen de Intermediación Neto,8.01,8.01,8.01,
2023-07,financieros,Spread de Tasas de Interés,11.15353844721463,11.15353844721463,11.15353844721463,
2023-07,morosidad,Morosidad Estresada,3.908708534747252,0.8765614619456421,7.452276629010597,2.004818795736893
2023-07,morosidad,Morosidad Simple,1.18,1.18,1.18,
2023-07,principales,ROA,2.58,2.58,2.58,
2023-07,principales,ROE (Rentabilidad del Patrimonio),24.98,24.98,24.98,
2023-07,principales,Índice Solvencia,16.58,16.58,16.58,
2023-08,financieros,Activos Improductivos / Patrimonio Neto,1.91,1.91,1.91,
2023-08,financieros,Activos Netos Totales / Patrimonio Neto,9.82,9.82,9.82,
2023-08,financieros,Margen de Intermediación Neto,7.95,7.95,7.95,
2023-08,financieros,Spread de Tasas de Interés,11.257914010683235,11.257914010683235,11.257914010683235,
2023-08,morosidad,Morosidad Estresada,3.6830238577965715,1.0185271399256488,7.241838835374131,1.8461094913954603
2023-08,morosidad,Morosidad Simple,1.23,1.23,1.23,
2023-08,principales,ROA,2.57,2.57,2.57,
2023-08,principales,ROE (Rentabilidad del Patrimonio),24.92,24.92,24.92,
2023-08,principales,Índice Solvencia,16.48,16.48,16.48,
2023-09,financieros,Activos Improductivos / Patrimonio Neto,1.91,1.91,1.91,
2023-09,financieros,Activos Netos Totales / Patrimonio Neto,9.59,9.59,9.59,
2023-09,financieros,Margen de Intermediación Neto,7.96,7.96,7.96,
2023-09,financieros,Spread de Tasas de Interés,11.325014485080764,11.325014485080764,11.325014485080764,
2023-09,morosidad,Morosidad Estresada,3.6893401514017707,0.0,7.361375686440423,1.9886966846000014
2023-09,morosidad,Morosidad Simple,1.23,1.23,1.23,
2023-09,principales,ROA,2.54,2.54,2.54,
2023-09,principales,ROE (Rentabilidad del Patrimonio),24.66,24.66,24.66,
2023-09,principales,Índice Solvencia,15.92,15.92,15.92,
2023-10,financieros,Activos Improductivos / Patrimonio Neto,1.9,1.9,1.9,
2023-10,financieros,Activos Netos Totales / Patrimonio Neto,9.54,9.54,9.54,
2023-10,financieros,Margen de Intermediación Neto,7.94,7.94,7.94,
2023-10,financieros,Spread de Tasas de Interés,11.264608513549009,11.264608513549009,11.264608513549009,
2023-10,morosidad,Morosidad Estresada,3.5080583392135596,0.0,6.667545359409702,1.8222744795217765
2023-10,morosidad,Morosidad Simple,1.27,1.27,1.27,
2023-10,principales,ROA,2.51,2.51,2.51,
2023-10,principales,ROE (Rentabilidad del Patrimonio),24.25,24.25,24.25,
2023-10,principales,Índice Solvencia,15.81,15.81,15.81,
2023-11,financieros,Activos Improductivos / Patrimonio Neto,1.87,1.87,1.87,
2023-11,financieros,Activos Netos Totales / Patrimonio Neto,9.48,9.48,9.48,
2023-11,financieros,Margen de Intermediación Neto,7.91,7.91,7.91,
2023-11,financieros,Spread de Tasas de Interés,11.642072634311258,11.642072634311258,11.642072634311258,
2023-11,morosidad,Morosidad Estresada,3.473318790691454,0.0,6.652860680720196,1.836464351039209
2023-11,morosidad,Morosidad Simple,1.25,1.25,1.25,
2023-11,principales,ROA,2.49,2.49,2.49,
2023-11,principales,ROE (Rentabilidad del Patrimonio),24.05,24.05,24.05,
2023-11,principales,Índice Solvencia,15.93,15.93,15.93,
2023-12,financieros,Activos Improductivos / Patrimonio Neto,1.87,1.87,1.87,
2023-12,financieros,Activos Netos Totales / Patrimonio Neto,9.38,9.38,9.38,
2023-12,financieros,Margen de Intermediación Neto,7.92,7.92,7.92,
2023-12,financieros,Spread de Tasas de Interés,11.29374219458359,11.29374219458359,11.29374219458359,
2023-12,morosidad,Morosidad Estresada,3.332051773230694,0.0,6.695855378953007,1.8661984474531736
2023-12,morosidad,Morosidad Simple,1.14,1.14,1.14,
2023-12,principales,ROA,2.45,2.45,2.45,
2023-12,principales,ROE (Rentabilidad del Patrimonio),23.6,23.6,23.6,
2023-12,principales,Índice Solvencia,16.11,16.11,16.11,
2024-01,financieros,Activos Improductivos / Patrimonio Neto,1.72,1.72,1.72,
2024-01,financieros,Activos Netos Totales / Patrimonio Neto,9.18,9.18,9.18,
2024-01,financieros,Margen de Intermediación Neto,8.08,8.08,8.08,
2024-01,financieros,Spread de Tasas de Interés,11.304032428511945,11.304032428511945,11.304032428511945,
2024-01,morosidad,Morosidad Estresada,3.2285321902290156,0.02454442661358466,6.516496090445768,1.876151044578881
2024-01,morosidad,Morosidad Simple,1.21,1.21,1.21,
2024-01,principales,ROA,2.58,2.58,2.58,
2024-01,principales,ROE (Rentabilidad del Patrimonio),24.78,24.78,24.78,
2024-01,principales,Índice Solvencia,16.52,16.52,16.52,
2024-02,financieros,Activos Improductivos / Patrimonio Neto,1.65,1.65,1.65,
2024-02,financieros,Activos Netos Totales / Patrimonio Neto,9.08,9.08,9.08,
2024-02,financieros,Margen de Intermediación Neto,8.06,8.06,8.06,
2024-02,financieros,Spread de Tasas de Interés,11.346137246222927,11.346137246222927,11.346137246222927,
2024-02,morosidad,Morosidad Estresada,3.443499927286657,0.0,6.5154280038873305,1.6044288107254794
2024-02,morosidad,Morosidad Simple,1.25,1.25,1.25,
2024-02,principales,ROA,2.51,2.51,2.51,
2024-02,principales,ROE (Rentabilidad del Patrimonio),24.11,24.11,24.11,
2024-02,principales,Índice Solvencia,16.96,16.96,16.96,
2024-03,financieros,Activos Improductivos / Patrimonio Neto,1.76,1.76,1.76,
2024-03,financieros,Activos Netos Totales / Patrimonio Neto,9.45,9.45,9.45,
2024-03,financieros,Margen de Intermediación Neto,8.39,8.39,8.39,
2024-03,financieros,Spread de Tasas de Interés,11.378309276888327,11.378309276888327,11.378309276888327,
2024-03,morosidad,Morosidad Estresada,3.4025431902941956,0.0,6.704798247016992,1.771707905344623
2024-03,morosidad,Morosidad Simple,1.31,1.31,1.31,
2024-03,principales,ROA,2.56,2.56,2.56,
2024-03,principales,ROE (Rentabilidad del Patrimonio),24.64,24.64,24.64,
2024-03,principales,Índice Solvencia,17.69,17.69,17.69,
2024-04,financieros,Activos Improductivos / Patrimonio Neto,1.69,1.69,1.69,
2024-04,financieros,Activos Netos Totales / Patrimonio Neto,9.06,9.06,9.06,
2024-04,financieros,Margen de Intermediación Neto,8.51,8.51,8.51,
2024-04,financieros,Spread de Tasas de Interés,11.348670185179433,11.348670185179433,11.348670185179433,
2024-04,morosidad,Morosidad Estresada,3.5252974241633743,0.0,6.555291229936492,1.7565733554949932
2024-04,morosidad,Morosidad Simple,1.36,1.36,1.36,
2024-04,principales,ROA,2.6,2.6,2.6,
2024-04,principales,ROE (Rentabilidad del Patrimonio),24.98,24.98,24.98,
2024-04,principales,Índice Solvencia,17.78,17.78,17.78,
2024-05,financieros,Activos Improductivos / Patrimonio Neto,1.76,1.76,1.76,
2024-05,financieros,Activos Netos Totales / Patrimonio Neto,9.16,9.16,9.16,
2024-05,financieros,Margen de Intermediación Neto,8.41,8.41,8.41,
2024-05,financieros,Spread de Tasas de Interés,11.550054183440954,11.550054183440954,11.550054183440954,
2024-05,morosidad,Morosidad Estresada,3.6368281655841663,0.0,6.5575151860487315,1.8055911544076515
2024-05,morosidad,Morosidad Simple,1.39,1.39,1.39,
2024-05,principales,ROA,2.55,2.55,2.55,
2024-05,principales,ROE (Rentabilidad del Patrimonio),24.41,24.41,24.41,
2024-05,principales,Índice Solvencia,17.46,17.46,17.46,
2024-06,financieros,Activos Improductivos / Patrimonio Neto,1.72,1.72,1.72,
2024-06,financieros,Activos Netos Totales / Patrimonio Neto,9.0,9.0,9.0,
2024-06,financieros,Margen de Intermediación Neto,8.27,8.27,8.27,
2024-06,financieros,Spread de Tasas de Interés,11.559235459414033,11.559235459414033,11.559235459414033,
2024-06,morosidad,Morosidad Estresada,3.706242789609651,0.0,6.644170668388284,1.848223969053036
2024-06,morosidad,Morosidad Simple,1.41,1.41,1.41,
2024-06,principales,ROA,2.45,2.45,2.45,
2024-06,principales,ROE (Rentabilidad del Patrimonio),23.23,23.23,23.23,
2024-06,principales,Índice Solvencia,17.17,17.17,17.17,
2024-07,financieros,Activos Improductivos / Patrimonio Neto,1.79,1.79,1.79,
2024-07,financieros,Activos Netos Totales / Patrimonio Neto,9.24,9.24,9.24,
2024-07,financieros,Margen de Intermediación Neto,8.23,8.23,8.23,
2024-07,financieros,Spread de Tasas de Interés,11.655236072419346,11.655236072419346,11.655236072419346,
2024-07,morosidad,Morosidad Estresada,3.7898869693836352,0.0,6.633650902553098,1.8511146496877573
2024-07,morosidad,Morosidad Simple,1.43,1.43,1.43,
2024-07,principales,ROA,2.41,2.41,2.41,
2024-07,principales,ROE (Rentabilidad del Patrimonio),22.87,22.87,22.87,
2024-07,principales,Índice Solvencia,17.66,17.66,17.66,
2024-08,financieros,Activos Improductivos / Patrimonio Neto,1.77,1.77,1.77,
2024-08,financieros,Activos Netos Totales / Patrimonio Neto,9.14,9.14,9.14,
2024-08,financieros,Margen de Intermediación Neto,8.24,8.24,8.24,
2024-08,financieros,Spread de Tasas de Interés,11.629744557672616,11.629744557672616,11.629744557672616,
2024-08,morosidad,Morosidad Estresada,3.8283847000011804,0.0,6.7041366508641635,1.8369111065410821
2024-08,morosidad,Morosidad Simple,1.47,1.47,1.47,
2024-08,principales,ROA,2.38,2.38,2.38,
2024-08,principales,ROE (Rentabilidad del Patrimonio),22.48,22.48,22.48,
2024-08,principales,Índice Solvencia,17.5,17.5,17.5,
2024-09,financieros,Activos Improductivos / Patrimonio Neto,1.69,1.69,1.69,
2024-09,financieros,Activos Netos Totales / Patrimonio Neto,8.97,8.97,8.97,
2024-09,financieros,Margen de Intermediación Neto,8.26,8.26,8.26,
2024-09,financieros,Spread de Tasas de Interés,11.767030384717351,11.767030384717351,11.767030384717351,
2024-09,morosidad,Morosidad Estresada,3.985647916298968,0.0,6.847131103196855,1.8471365543583227
2024-09,morosidad,Morosidad Simple,1.53,1.53,1.53,
2024-09,principales,ROA,2.35,2.35,2.35,
2024-09,principales,ROE (Rentabilidad del Patrimonio),22.14,22.14,22.14,
2024-09,principales,Índice Solvencia,17.47,17.47,17.47,
2024-10,financieros,Activos Improductivos / Patrimonio Neto,1.71,1.71,1.71,
2024-10,financieros,Activos Netos Totales / Patrimonio Neto,8.9,8.9,8.9,
2024-10,financieros,Margen de Intermediación Neto,8.25,8.25,8.25,
2024-10,financieros,Spread de Tasas de Interés,11.753958662584242,11.753958662584242,11.753958662584242,
2024-10,morosidad,Morosidad Estresada,4.05189735249777,0.010412614939909472,6.81096606260909,1.921686173114394
2024-10,morosidad,Morosidad Simple,1.56,1.56,1.56,
2024-10,principales,ROA,2.33,2.33,2.33,
2024-10,principales,ROE (Rentabilidad del Patrimonio),21.88,21.88,21.88,
2024-10,principales,Índice Solvencia,17.48,17.48,17.48,
2024-11,financieros,Activos Improductivos / Patrimonio Neto,1.74,1.74,1.74,
2024-11,financieros,Activos Netos Totales / Patrimonio Neto,8.96,8.96,8.96,
2024-11,financieros,Margen de Intermediación Neto,8.28,8.28,8.28,
2024-11,financieros,Spread de Tasas de Interés,11.872205864232342,11.872205864232342,11.872205864232342,
2024-11,morosidad,Morosidad Estresada,4.076920938396574,0.0,6.8426434769337865,1.9397219333548301
2024-11,morosidad,Morosidad Simple,1.55,1.55,1.55,
2024-11,principales,ROA,2.37,2.37,2.37,
2024-11,principales,ROE (Rentabilidad del Patrimonio),22.23,22.23,22.23,
2024-11,principales,Índice Solvencia,17.29,17.29,17.29,
2024-12,financieros,Activos Improductivos / Patrimonio Neto,1.76,1.76,1.76,
2024-12,financieros,Activos Netos Totales / Patrimonio Neto,8.88,8.88,8.88,
2024-12,financieros,Margen de Intermediación Neto,8.27,8.27,8.27,
2024-12,financieros,Spread de Tasas de Interés,11.794292440324508,11.794292440324508,11.794292440324508,
2024-12,morosidad,Morosidad Estresada,4.027762107952398,0.0,7.600127565263583,2.043388111200131
2024-12,morosidad,Morosidad Simple,1.55,1.55,1.55,
2024-12,principales,ROA,2.33,2.33,2.33,
2024-12,principales,ROE (Rentabilidad del Patrimonio),21.84,21.84,21.84,
2024-12,principales,Índice Solvencia,17.39,17.39,17.39,
2025-01,financieros,Activos Improductivos / Patrimonio Neto,1.72,1.72,1.72,
2025-01,financieros,Activos Netos Totales / Patrimonio Neto,8.9,8.9,8.9,
2025-01,financieros,Margen de Intermediación Neto,7.98,7.98,7.98,
2025-01,financieros,Spread de Tasas de Interés,11.735758471669731,11.735758471669731,11.735758471669731,
2025-01,morosidad,Morosidad Estresada,4.088719949500564,0.0,8.23338039660256,2.1420705770913426
2025-01,morosidad,Morosidad Simple,1.65,1.65,1.65,
2025-01,principales,ROA,2.25,2.25,2.25,
2025-01,principales,ROE (Rentabilidad del Patrimonio),20.79,20.79,20.79,
2025-01,principales,Índice Solvencia,17.91,17.91,17.91,
2025-02,financieros,Activos Improductivos / Patrimonio Neto,1.74,1.74,1.74,
2025-02,financieros,Activos Netos Totales / Patrimonio Neto,8.82,8.82,8.82,
2025-02,financieros,Margen de Intermediación Neto,7.78,7.78,7.78,
2025-02,financieros,Spread de Tasas de Interés,11.825233161537502,11.825233161537502,11.825233161537502,
2025-02,morosidad,Morosidad Estresada,4.19341548306944,0.0,8.187983361686555,2.0314129731044805
2025-02,morosidad,Morosidad Simple,1.71,1.71,1.71,
2025-02,principales,ROA,2.15,2.15,2.15,
2025-02,principales,ROE (Rentabilidad del Patrimonio),19.88,19.88,19.88,
2025-02,principales,Índice Solvencia,17.64,17.64,17.64,
2025-03,financieros,Activos Improductivos / Patrimonio Neto,1.85,1.85,1.85,
2025-03,financieros,Activos Netos Totales / Patrimonio Neto,9.21,9.21,9.21,
2025-03,financieros,Margen de Intermediación Neto,8.08,8.08,8.08,
2025-03,financieros,Spread de Tasas de Interés,11.876817533202255,11.876817533202255,11.876817533202255,
2025-03,morosidad,Morosidad Estresada,4.276876912461155,0.7084724826376092,8.489095430215713,1.9838871834878893
2025-03,morosidad,Morosidad Simple,1.75,1.75,1.75,
2025-03,principales,ROA,2.21,2.21,2.21,
2025-03,principales,ROE (Rentabilidad del Patrimonio),20.46,20.46,20.46,
2025-03,principales,Índice Solvencia,18.28,18.28,18.28,
2025-04,financieros,Activos Improductivos / Patrimonio Neto,1.8,1.8,1.8,
2025-04,financieros,Activos Netos Totales / Patrimonio Neto,8.92,8.92,8.92,
2025-04,financieros,Margen de Intermediación Neto,8.07,8.07,8.07,
2025-04,financieros,Spread de Tasas de Interés,11.943027207567317,11.943027207567317,11.943027207567317,
2025-04,morosidad,Morosidad Estresada,4.236835329642518,0.0,8.717466597041591,2.062049367495042
2025-04,morosidad,Morosidad Simple,1.79,1.79,1.79,
2025-04,principales,ROA,2.18,2.18,2.18,
2025-04,principales,ROE (Rentabilidad del Patrimonio),20.3,20.3,20.3,
2025-04,principales,Índice Solvencia,18.34,18.34,18.34,
2025-05,financieros,Activos Improductivos / Patrimonio Neto,1.85,1.85,1.85,
2025-05,financieros,Activos Netos Totales / Patrimonio Neto,9.18,9.18,9.18,
2025-05,financieros,Margen de Intermediación Neto,8.08,8.08,8.08,
2025-05,financieros,Spread de Tasas de Interés,12.078644006846966,12.078644006846966,12.078644006846966,
2025-05,morosidad,Morosidad Estresada,4.246813911668828,0.0,9.234941893771435,2.168468648990624
2025-05,morosidad,Morosidad Simple,1.92,1.92,1.92,
2025-05,principales,ROA,2.17,2.17,2.17,
2025-05,principales,ROE (Rentabilidad del Patrimonio),20.24,20.24,20.24,
2025-05,principales,Índice Solvencia,18.39,18.39,18.39,
2025-06,financieros,Activos Improductivos / Patrimonio Neto,1.94,1.94,1.94,
2025-06,financieros,Activos Netos Totales / Patrimonio Neto,9.13,9.13,9.13,
2025-06,financieros,Margen de Intermediación Neto,8.09,8.09,8.09,
2025-06,financieros,Spread de Tasas de Interés,11.910010829590608,11.910010829590608,11.910010829590608,
2025-06,morosidad,Morosidad Estresada,4.359521718631406,0.0,9.673053463455643,2.1771849564721815
2025-06,morosidad,Morosidad Simple,1.92,1.92,1.92,
2025-06,principales,ROA,2.2,2.2,2.2,
2025-06,principales,ROE (Rentabilidad del Patrimonio),20.57,20.57,20.57,
2025-06,principales,Índice Solvencia,18.39,18.39,18.39,
2025-07,financieros,Activos Improductivos / Patrimonio Neto,1.92,1.92,1.92,
2025-07,financieros,Activos Netos Totales / Patrimonio Neto,9.2,9.2,9.2,
2025-07,financieros,Margen de Intermediación Neto,8.11,8.11,8.11,
2025-07,financieros,Spread de Tasas de Interés,11.830701819953944,11.830701819953944,11.830701819953944,
2025-07,morosidad,Morosidad Estresada,4.318680656445244,0.0,10.132812300420351,2.351467948411188
2025-07,morosidad,Morosidad Simple,1.94,1.94,1.94,
2025-07,principales,ROA,2.21,2.21,2.21,
2025-07,principales,ROE (Rentabilidad del Patrimonio),20.79,20.79,20.79,
2025-07,principales,Índice Solvencia,17.66,17.66,17.66,
2025-08,financieros,Activos Improductivos / Patrimonio Neto,1.87,1.87,1.87,
2025-08,financieros,Activos Netos Totales / Patrimonio Neto,9.23,9.23,9.23,
2025-08,financieros,Margen de Intermediación Neto,8.12,8.12,8.12,
2025-08,financieros,Spread de Tasas de Interés,11.944537002150097,11.944537002150097,11.944537002150097,
2025-08,morosidad,Morosidad Estresada,4.4632178792427055,0.0,10.044555052402272,2.4280932339569845
2025-08,morosidad,Morosidad Simple,2.03,2.03,2.03,
2025-08,principales,ROA,2.2,2.2,2.2,
2025-08,principales,ROE (Rentabilidad del Patrimonio),20.65,20.65,20.65,
2025-08,principales,Índice Solvencia,17.24,17.24,17.24,
2025-09,financieros,Activos Improductivos / Patrimonio Neto,1.79,1.79,1.79,
2025-09,financieros,Activos Netos Totales / Patrimonio Neto,9.05,9.05,9.05,
2025-09,financieros,Margen de Intermediación Neto,8.1,8.1,8.1,
2025-09,financieros,Spread de Tasas de Interés,12.082589695501552,12.082589695501552,12.082589695501552,
2025-09,morosidad,Morosidad Estresada,4.440867487228159,0.0,10.410088547299775,2.5336345290278004
2025-09,morosidad,Morosidad Simple,2.03,2.03,2.03,
2025-09,principales,ROA,2.21,2.21,2.21,
2025-09,principales,ROE (Rentabilidad del Patrimonio),20.74,20.74,20.74,
2025-09,principales,Índice Solvencia,17.14,17.14,17.14,
2025-10,financieros,Activos Improductivos / Patrimonio Neto,1.69,1.69,1.69,
2025-10,financieros,Activos Netos Totales / Patrimonio Neto,9.01,9.01,9.01,
2025-10,financieros,Margen de Intermediación Neto,8.11,8.11,8.11,
2025-10,financieros,Spread de Tasas de Interés,12.057730932750262,12.057730932750262,12.057730932750262,
2025-10,morosidad,Morosidad Estresada,4.495657491239811,0.0,10.402056038274402,2.463649431654669
2025-10,morosidad,Morosidad Simple,2.03,2.03,2.03,
2025-10,principales,ROA,2.21,2.21,2.21,
2025-10,principales,ROE (Rentabilidad del Patrimonio),20.75,20.75,20.75,
2025-10,principales,Índice Solvencia,16.92,16.92,16.92,
2025-11,financieros,Activos Improductivos / Patrimonio Neto,1.68,1.68,1.68,
2025-11,financieros,Activos Netos Totales / Patrimonio Neto,8.84,8.84,8.84,
2025-11,financieros,Margen de Intermediación Neto,8.1,8.1,8.1,
2025-11,financieros,Spread de Tasas de Interés,12.310126388736808,12.310126388736808,12.310126388736808,
2025-11,morosidad,Morosidad Estresada,4.390191850313809,0.0,10.429770843424903,2.426414251929564
2025-11,morosidad,Morosidad Simple,1.93,1.93,1.93,
2025-11,principales,ROA,2.22,2.22,2.22,
2025-11,principales,ROE (Rentabilidad del Patrimonio),20.84,20.84,20.84,
2025-11,principales,Índice Solvencia,16.95,16.95,16.95,
2025-12,financieros,Activos Improductivos / Patrimonio Neto,1.66,1.66,1.66,
2025-12,financieros,Activos Netos Totales / Patrimonio Neto,8.59,8.59,8.59,
2025-12,financieros,Margen de Intermediación Neto,8.09,8.09,8.09,
2025-12,financieros,Spread de Tasas de Interés,12.156809161566324,12.156809161566324,12.156809161566324,
2025-12,morosidad,Morosidad Estresada,4.331196134642993,0.0,11.246756770040754,2.5680532731513632
2025-12,morosidad,Morosidad Simple,1.87,1.87,1.87,
2025-12,principales,ROA,2.24,2.24,2.24,
2025-12,principales,ROE (Rentabilidad del Patrimonio),20.87,20.87,20.87,
2025-12,principales,Índice Solvencia,17.35,17.35,17.35,
