periodo,componente,promedio,minimo,maximo,entidades
2025-12,Índice de solvencia,15.79,15.79,15.79,1
2025-12,Sobrante o faltante,142896.02,142896.02,142896.02,1
2025-12,Patrimonio técnico ajustado,389810.96,389810.96,389810.96,1
2025-12,Capital secundario,68032.52,68032.52,68032.52,1
2025-12,Capital requerido por riesgo de mercado,145949.23,145949.23,145949.23,1
2025-12,Capital primario,325036.46,325036.46,325036.46,1
2025-12,Ajuste,-3258.03,-3258.03,-3258.03,1
2025-12,Activos y contingentes ponderados por riesgo crediticio y riesgo de mercado,2469149.38,2469149.38,2469149.38,1
2025-12,Activos y contingentes ponderados por riesgo crediticio y deducciones al patrimonio,2323200.15,2323200.15,2323200.15,1
2025-11,Capital requerido por riesgo de mercado,157922.83,157922.83,157922.83,1
2025-11,Activos y contingentes ponderados por riesgo crediticio y deducciones al patrimonio,2334467.5,2334467.5,2334467.5,1
2025-11,Activos y contingentes ponderados por riesgo crediticio y riesgo de mercado,2492390.33,2492390.33,2492390.33,1
2025-11,Ajuste,-3213.93,-3213.93,-3213.93,1
2025-11,Capital primario,324401.11,324401.11,324401.11,1
2025-11,Sobrante o faltante,133074.52,133074.52,133074.52,1
2025-11,Capital secundario,61126.37,61126.37,61126.37,1
2025-11,Patrimonio técnico ajustado,382313.55,382313.55,382313.55,1
2025-11,Índice de solvencia,15.34,15.34,15.34,1
2025-10,Capital requerido por riesgo de mercado,174381.17,174381.17,174381.17,1
2025-10,Activos y contingentes ponderados por riesgo crediticio y deducciones al patrimonio,2330805.92,2330805.92,2330805.92,1
2025-10,Activos y contingentes ponderados por riesgo crediticio y riesgo de mercado,2505187.09,2505187.09,2505187.09,1
2025-10,Ajuste,-3158.63,-3158.63,-3158.63,1
2025-10,Capital primario,324401.11,324401.11,324401.11,1
2025-10,Sobrante o faltante,133088.94,133088.94,133088.94,1
2025-10,Capital secundario,62365.16,62365.16,62365.16,1
2025-10,Patrimonio técnico ajustado,383607.65,383607.65,383607.65,1
2025-10,Índice de solvencia,15.31,15.31,15.31,1
2025-09,Activos y contingentes ponderados por riesgo crediticio y deducciones al patrimonio,2288730.02,2288730.02,2288730.02,1
2025-09,Activos y contingentes ponderados por riesgo crediticio y riesgo de mercado,2452376.44,2452376.44,2452376.44,1
2025-09,Ajuste,-3090.78,-3090.78,-3090.78,1
2025-09,Capital primario,320169.41,320169.41,320169.41,1
2025-09,Capital requerido por riesgo de mercado,163646.42,163646.42,163646.42,1
2025-09,Capital secundario,62562.46,62562.46,62562.46,1
2025-09,Patrimonio técnico ajustado,379641.08,379641.08,379641.08,1
2025-09,Sobrante o faltante,134403.44,134403.44,134403.44,1
2025-09,Índice de solvencia,15.48,15.48,15.48,1
2025-08,Capital requerido por riesgo de mercado,164376.92,164376.92,164376.92,1
2025-08,Activos y contingentes ponderados por riesgo crediticio y deducciones al patrimonio,2284790.57,2284790.57,2284790.57,1
2025-08,Activos y contingentes ponderados por riesgo crediticio y riesgo de mercado,2449167.49,2449167.49,2449167.49,1
2025-08,Ajuste,-3046.43,-3046.43,-3046.43,1
2025-08,Capital primario,320145.04,320145.04,320145.04,1
2025-08,Sobrante o faltante,134808.64,134808.64,134808.64,1
2025-08,Capital secundario,62626.78,62626.78,62626.78,1
2025-08,Patrimonio técnico ajustado,379725.39,379725.39,379725.39,1
2025-08,Índice de solvencia,15.5,15.5,15.5,1
2025-07,Índice de solvencia,15.88,15.88,15.88,1
2025-07,Sobrante o faltante,141250.69,141250.69,141250.69,1
2025-07,Patrimonio técnico ajustado,381327.01,381327.01,381327.01,1
2025-07,Capital secundario,64422.67,64422.67,64422.67,1
2025-07,Capital requerido por riesgo de mercado,156858.97,156858.97,156858.97,1
2025-07,Capital primario,319947.57,319947.57,319947.57,1
2025-07,Ajuste,-3043.23,-3043.23,-3043.23,1
2025-07,Activos y contingentes ponderados por riesgo crediticio y riesgo de mercado,2400763.24,2400763.24,2400763.24,1
2025-07,Activos y contingentes ponderados por riesgo crediticio y deducciones al patrimonio,2243904.27,2243904.27,2243904.27,1
2025-06,Activos y contingentes ponderados por riesgo crediticio y deducciones al patrimonio,2091812.87,2091812.87,2091812.87,1
2025-06,Activos y contingentes ponderados por riesgo crediticio y riesgo de mercado,2285229.66,2285229.66,2285229.66,1
2025-06,Ajuste,-2973.85,-2973.85,-2973.85,1
2025-06,Capital primario,319842.1,319842.1,319842.1,1
2025-06,Capital requerido por riesgo de mercado,193416.79,193416.79,193416.79,1
2025-06,Capital secundario,64279.91,64279.91,64279.91,1
2025-06,Patrimonio técnico ajustado,381148.16,381148.16,381148.16,1
2025-06,Sobrante o faltante,152625.2,152625.2,152625.2,1
2025-06,Índice de solvencia,16.68,16.68,16.68,1
2025-05,Activos y contingentes ponderados por riesgo crediticio y deducciones al patrimonio,2064481.41,2064481.41,2064481.41,1
2025-05,Activos y contingentes ponderados por riesgo crediticio y riesgo de mercado,2282498.81,2282498.81,2282498.81,1
2025-05,Ajuste,-2925.88,-2925.88,-2925.88,1
2025-05,Capital primario,319447.65,319447.65,319447.65,1
2025-05,Capital requerido por riesgo de mercado,218017.4,218017.4,218017.4,1
2025-05,Capital secundario,64306.86,64306.86,64306.86,1
2025-05,Patrimonio técnico ajustado,380828.63,380828.63,380828.63,1
2025-05,Sobrante o faltante,152578.75,152578.75,152578.75,1
2025-05,Índice de solvencia,16.68,16.68,16.68,1
2025-04,Capital requerido por riesgo de mercado,200578.83,200578.83,200578.83,1
2025-04,Activos y contingentes ponderados por riesgo crediticio y deducciones al patrimonio,2053715.58,2053715.58,2053715.58,1
2025-04,Activos y contingentes ponderados por riesgo crediticio y riesgo de mercado,2254294.41,2254294.41,2254294.41,1
2025-04,Ajuste,-2807.23,-2807.23,-2807.23,1
2025-04,Capital primario,312859.63,312859.63,312859.63,1
2025-04,Sobrante o faltante,148679.87,148679.87,148679.87,1
2025-04,Capital secundario,64056.91,64056.91,64056.91,1
2025-04,Patrimonio técnico ajustado,374109.31,374109.31,374109.31,1
2025-04,Índice de solvencia,16.6,16.6,16.6,1
2025-03,Índice de solvencia,16.54,16.54,16.54,1
2025-03,Sobrante o faltante,147944.96,147944.96,147944.96,1
2025-03,Patrimonio técnico ajustado,374326.64,374326.64,374326.64,1
2025-03,Capital secundario,64455.86,64455.86,64455.86,1
2025-03,Capital requerido por riesgo de mercado,193793.59,193793.59,193793.59,1
2025-03,Capital primario,312613.35,312613.35,312613.35,1
2025-03,Ajuste,-2742.58,-2742.58,-2742.58,1
2025-03,Activos y contingentes ponderados por riesgo crediticio y riesgo de mercado,2263816.84,2263816.84,2263816.84,1
2025-03,Activos y contingentes ponderados por riesgo crediticio y deducciones al patrimonio,2070023.26,2070023.26,2070023.26,1
2025-02,Activos y contingentes ponderados por riesgo crediticio y deducciones al patrimonio,2053719.37,2053719.37,2053719.37,1
2025-02,Activos y contingentes ponderados por riesgo crediticio y riesgo de mercado,2246517.64,2246517.64,2246517.64,1
2025-02,Ajuste,-2688.21,-2688.21,-2688.21,1
2025-02,Capital primario,297293.48,297293.48,297293.48,1
2025-02,Capital requerido por riesgo de mercado,192798.27,192798.27,192798.27,1
2025-02,Capital secundario,64417.04,64417.04,64417.04,1
2025-02,Sobrante o faltante,134370.55,134370.55,134370.55,1
2025-02,Índice de solvencia,15.98,15.98,15.98,1
2025-02,Patrimonio técnico ajustado,359022.31,359022.31,359022.31,1
2025-01,Capital requerido por riesgo de mercado,161746.03,161746.03,161746.03,1
2025-01,Activos y contingentes ponderados por riesgo crediticio y deducciones al patrimonio,2027979.42,2027979.42,2027979.42,1
2025-01,Activos y contingentes ponderados por riesgo crediticio y riesgo de mercado,2189725.44,2189725.44,2189725.44,1
2025-01,Ajuste,-1580.04,-1580.04,-1580.04,1
2025-01,Capital primario,296498.35,296498.35,296498.35,1
2025-01,Capital secundario,64764.27,64764.27,64764.27,1
2025-01,Patrimonio técnico ajustado,359682.58,359682.58,359682.58,1
2025-01,Sobrante o faltante,140710.03,140710.03,140710.03,1
2025-01,Índice de solvencia,16.43,16.43,16.43,1
2024-12,Activos y contingentes ponderados por riesgo crediticio y deducciones al patrimonio,2016490.79,2016490.79,2016490.79,1
2024-12,Activos y contingentes ponderados por riesgo crediticio y riesgo de mercado,2180394.36,2180394.36,2180394.36,1
2024-12,Ajuste,-2532.43,-2532.43,-2532.43,1
2024-12,Capital primario,285764.6,285764.6,285764.6,1
2024-12,Capital requerido por riesgo de mercado,163903.57,163903.57,163903.57,1
2024-12,Capital secundario,64730.28,64730.28,64730.28,1
2024-12,Sobrante o faltante,129923.01,129923.01,129923.01,1
2024-12,Índice de solvencia,15.96,15.96,15.96,1
2024-12,Patrimonio técnico ajustado,347962.45,347962.45,347962.45,1
2024-11,Capital requerido por riesgo de mercado,171273.87,171273.87,171273.87,1
2024-11,Activos y contingentes ponderados por riesgo crediticio y deducciones al patrimonio,2045096.15,2045096.15,2045096.15,1
2024-11,Activos y contingentes ponderados por riesgo crediticio y riesgo de mercado,2216370.03,2216370.03,2216370.03,1
2024-11,Ajuste,-2233.48,-2233.48,-2233.48,1
2024-11,Capital primario,285764.6,285764.6,285764.6,1
2024-11,Capital secundario,67808.1,67808.1,67808.1,1
2024-11,Patrimonio técnico ajustado,351339.21,351339.21,351339.21,1
2024-11,Sobrante o faltante,129702.21,129702.21,129702.21,1
2024-11,Índice de solvencia,15.85,15.85,15.85,1
2024-10,Activos y contingentes ponderados por riesgo crediticio y deducciones al patrimonio,2007183.58,2007183.58,2007183.58,1
2024-10,Activos y contingentes ponderados por riesgo crediticio y riesgo de mercado,2195620.4,2195620.4,2195620.4,1
2024-10,Ajuste,-3207.46,-3207.46,-3207.46,1
2024-10,Capital primario,285764.6,285764.6,285764.6,1
2024-10,Capital requerido por riesgo de mercado,188436.82,188436.82,188436.82,1
2024-10,Capital secundario,69027.21,69027.21,69027.21,1
2024-10,Patrimonio técnico ajustado,351584.34,351584.34,351584.34,1
2024-10,Sobrante o faltante,132022.3,132022.3,132022.3,1
2024-10,Índice de solvencia,16.01,16.01,16.01,1
2024-09,Activos y contingentes ponderados por riesgo crediticio y deducciones al patrimonio,1978556.51,1978556.51,1978556.51,1
2024-09,Activos y contingentes ponderados por riesgo crediticio y riesgo de mercado,2146856.75,2146856.75,2146856.75,1
2024-09,Ajuste,-2133.59,-2133.59,-2133.59,1
2024-09,Capital primario,285689.6,285689.6,285689.6,1
2024-09,Capital requerido por riesgo de mercado,168300.24,168300.24,168300.24,1
2024-09,Capital secundario,58665.52,58665.52,58665.52,1
2024-09,Patrimonio técnico ajustado,342221.52,342221.52,342221.52,1
2024-09,Sobrante o faltante,127535.85,127535.85,127535.85,1
2024-09,Índice de solvencia,15.94,15.94,15.94,1
2024-08,Capital requerido por riesgo de mercado,176486.19,176486.19,176486.19,1
2024-08,Activos y contingentes ponderados por riesgo crediticio y deducciones al patrimonio,1969358.63,1969358.63,1969358.63,1
2024-08,Activos y contingentes ponderados por riesgo crediticio y riesgo de mercado,2145844.81,2145844.81,2145844.81,1
2024-08,Ajuste,-2080.99,-2080.99,-2080.99,1
2024-08,Capital primario,285493.74,285493.74,285493.74,1
2024-08,Sobrante o faltante,127458.05,127458.05,127458.05,1
2024-08,Capital secundario,58629.78,58629.78,58629.78,1
2024-08,Patrimonio técnico ajustado,342042.54,342042.54,342042.54,1
2024-08,Índice de solvencia,15.94,15.94,15.94,1
2024-07,Índice de solvencia,16.08,16.08,16.08,1
2024-07,Sobrante o faltante,129761.61,129761.61,129761.61,1
2024-07,Patrimonio técnico ajustado,343161.83,343161.83,343161.83,1
2024-07,Capital secundario,59702.49,59702.49,59702.49,1
2024-07,Capital requerido por riesgo de mercado,190881.38,190881.38,190881.38,1
2024-07,Capital primario,285493.74,285493.74,285493.74,1
2024-07,Ajuste,-2034.4,-2034.4,-2034.4,1
2024-07,Activos y contingentes ponderados por riesgo crediticio y riesgo de mercado,2134002.19,2134002.19,2134002.19,1
2024-07,Activos y contingentes ponderados por riesgo crediticio y deducciones al patrimonio,1943120.81,1943120.81,1943120.81,1
2024-06,Activos y contingentes ponderados por riesgo crediticio y deducciones al patrimonio,1939005.55,1939005.55,1939005.55,1
2024-06,Activos y contingentes ponderados por riesgo crediticio y riesgo de mercado,2177792.86,2177792.86,2177792.86,1
2024-06,Ajuste,-1975.59,-1975.59,-1975.59,1
2024-06,Capital primario,284252.23,284252.23,284252.23,1
2024-06,Capital requerido por riesgo de mercado,238787.31,238787.31,238787.31,1
2024-06,Capital secundario,59655.63,59655.63,59655.63,1
2024-06,Sobrante o faltante,124152.99,124152.99,124152.99,1
2024-06,Índice de solvencia,15.7,15.7,15.7,1
2024-06,Patrimonio técnico ajustado,341932.27,341932.27,341932.27,1
2024-05,Capital requerido por riesgo de mercado,231859.64,231859.64,231859.64,1
2024-05,Activos y contingentes ponderados por riesgo crediticio y deducciones al patrimonio,1910038.29,1910038.29,1910038.29,1
2024-05,Activos y contingentes ponderados por riesgo crediticio y riesgo de mercado,2141897.93,2141897.93,2141897.93,1
2024-05,Ajuste,-1921.37,-1921.37,-1921.37,1
2024-05,Capital primario,283967.11,283967.11,283967.11,1
2024-05,Capital secundario,59731.12,59731.12,59731.12,1
2024-05,Patrimonio técnico ajustado,341776.85,341776.85,341776.85,1
2024-05,Sobrante o faltante,127587.06,127587.06,127587.06,1
2024-05,Índice de solvencia,15.96,15.96,15.96,1
2024-04,Activos y contingentes ponderados por riesgo crediticio y deducciones al patrimonio,1880421.29,1880421.29,1880421.29,1
2024-04,Activos y contingentes ponderados por riesgo crediticio y riesgo de mercado,2099827.27,2099827.27,2099827.27,1
2024-04,Ajuste,-1863.17,-1863.17,-1863.17,1
2024-04,Capital primario,283936.11,283936.11,283936.11,1
2024-04,Capital requerido por riesgo de mercado,219405.98,219405.98,219405.98,1
2024-04,Capital secundario,59605.05,59605.05,59605.05,1
2024-04,Índice de solvencia,16.27,16.27,16.27,1
2024-04,Patrimonio técnico ajustado,341677.99,341677.99,341677.99,1
2024-04,Sobrante o faltante,131695.26,131695.26,131695.26,1
2024-03,Índice de solvencia,16.11,16.11,16.11,1
2024-03,Sobrante o faltante,125555.93,125555.93,125555.93,1
2024-03,Patrimonio técnico ajustado,331150.81,331150.81,331150.81,1
2024-03,Capital secundario,51913.27,51913.27,51913.27,1
2024-03,Capital primario,280256.3,280256.3,280256.3,1
2024-03,Ajuste,-1018.75,-1018.75,-1018.75,1
2024-03,Activos y contingentes ponderados por riesgo crediticio y riesgo de mercado,2055948.81,2055948.81,2055948.81,1
2024-03,Activos y contingentes ponderados por riesgo crediticio y deducciones al patrimonio,1851571.06,1851571.06,1851571.06,1
2024-03,Capital requerido por riesgo de mercado,204377.74,204377.74,204377.74,1
2024-02,Activos y contingentes ponderados por riesgo crediticio y deducciones al patrimonio,1830182.57,1830182.57,1830182.57,1
2024-02,Capital requerido por riesgo de mercado,191379.93,191379.93,191379.93,1
2024-02,Activos y contingentes ponderados por riesgo crediticio y riesgo de mercado,2021562.5,2021562.5,2021562.5,1
2024-02,Ajuste,-959.84,-959.84,-959.84,1
2024-02,Capital primario,260866.93,260866.93,260866.93,1
2024-02,Capital secundario,51871.75,51871.75,51871.75,1
2024-02,Patrimonio técnico ajustado,311778.84,311778.84,311778.84,1
2024-02,Sobrante o faltante,109622.59,109622.59,109622.59,1
2024-02,Índice de solvencia,15.42,15.42,15.42,1
2024-01,Índice de solvencia,15.14,15.14,15.14,1
2024-01,Sobrante o faltante,105958.2,105958.2,105958.2,1
2024-01,Patrimonio técnico ajustado,312207.9,312207.9,312207.9,1
2024-01,Capital secundario,52269.12,52269.12,52269.12,1
2024-01,Capital requerido por riesgo de mercado,244779.98,244779.98,244779.98,1
2024-01,Capital primario,260821.36,260821.36,260821.36,1
2024-01,Ajuste,-882.59,-882.59,-882.59,1
2024-01,Activos y contingentes ponderados por riesgo crediticio y riesgo de mercado,2062497.0,2062497.0,2062497.0,1
2024-01,Activos y contingentes ponderados por riesgo crediticio y deducciones al patrimonio,1817717.03,1817717.03,1817717.03,1
2023-12,Activos y contingentes ponderados por riesgo crediticio y deducciones al patrimonio,1786216.63,1786216.63,1786216.63,1
2023-12,Activos y contingentes ponderados por riesgo crediticio y riesgo de mercado,2012377.07,2012377.07,2012377.07,1
2023-12,Ajuste,-466.1,-466.1,-466.1,1
2023-12,Capital primario,242484.89,242484.89,242484.89,1
2023-12,Capital requerido por riesgo de mercado,226160.44,226160.44,226160.44,1
2023-12,Capital secundario,54163.27,54163.27,54163.27,1
2023-12,Índice de solvencia,14.72,14.72,14.72,1
2023-12,Patrimonio técnico ajustado,296182.05,296182.05,296182.05,1
2023-12,Sobrante o faltante,94944.35,94944.35,94944.35,1
2023-11,Índice de solvencia,14.57,14.57,14.57,1
2023-11,Sobrante o faltante,91851.96,91851.96,91851.96,1
2023-11,Patrimonio técnico ajustado,293040.17,293040.17,293040.17,1
2023-11,Capital secundario,51070.04,51070.04,51070.04,1
2023-11,Capital requerido por riesgo de mercado,239224.49,239224.49,239224.49,1
2023-11,Capital primario,242384.89,242384.89,242384.89,1
2023-11,Ajuste,-414.75,-414.75,-414.75,1
2023-11,Activos y contingentes ponderados por riesgo crediticio y riesgo de mercado,2011882.14,2011882.14,2011882.14,1
2023-11,Activos y contingentes ponderados por riesgo crediticio y deducciones al patrimonio,1772657.64,1772657.64,1772657.64,1
2023-10,Capital secundario,47221.65,47221.65,47221.65,1
2023-10,Activos y contingentes ponderados por riesgo crediticio y deducciones al patrimonio,1742819.73,1742819.73,1742819.73,1
2023-10,Activos y contingentes ponderados por riesgo crediticio y riesgo de mercado,2009126.05,2009126.05,2009126.05,1
2023-10,Ajuste,-591.0,-591.0,-591.0,1
2023-10,Capital primario,242102.31,242102.31,242102.31,1
2023-10,Capital requerido por riesgo de mercado,266306.32,266306.32,266306.32,1
2023-10,Patrimonio técnico ajustado,288732.96,288732.96,288732.96,1
2023-10,Sobrante o faltante,87820.36,87820.36,87820.36,1
2023-10,Índice de solvencia,14.37,14.37,14.37,1
2023-09,Capital primario,241552.31,241552.31,241552.31,1
2023-09,Activos y contingentes ponderados por riesgo crediticio y deducciones al patrimonio,1698584.44,1698584.44,1698584.44,1
2023-09,Activos y contingentes ponderados por riesgo crediticio y riesgo de mercado,1981358.18,1981358.18,1981358.18,1
2023-09,Ajuste,-625.58,-625.58,-625.58,1
2023-09,Capital requerido por riesgo de mercado,282773.74,282773.74,282773.74,1
2023-09,Capital secundario,47196.0,47196.0,47196.0,1
2023-09,Patrimonio técnico ajustado,288122.74,288122.74,288122.74,1
2023-09,Sobrante o faltante,89986.92,89986.92,89986.92,1
2023-09,Índice de solvencia,14.54,14.54,14.54,1
2023-08,Activos y contingentes ponderados por riesgo crediticio y deducciones al patrimonio,1666973.68,1666973.68,1666973.68,1
2023-08,Activos y contingentes ponderados por riesgo crediticio y riesgo de mercado,1914064.16,1914064.16,1914064.16,1
2023-08,Ajuste,-594.21,-594.21,-594.21,1
2023-08,Capital primario,241404.29,241404.29,241404.29,1
2023-08,Capital requerido por riesgo de mercado,247090.49,247090.49,247090.49,1
2023-08,Capital secundario,46911.1,46911.1,46911.1,1
2023-08,Patrimonio técnico ajustado,287721.17,287721.17,287721.17,1
2023-08,Sobrante o faltante,96314.76,96314.76,96314.76,1
2023-08,Índice de solvencia,15.03,15.03,15.03,1
2023-07,Índice de solvencia,15.09,15.09,15.09,1
2023-07,Sobrante o faltante,97435.6,97435.6,97435.6,1
2023-07,Patrimonio técnico ajustado,288763.83,288763.83,288763.83,1
2023-07,Capital secundario,47988.88,47988.88,47988.88,1
2023-07,Capital requerido por riesgo de mercado,253419.51,253419.51,253419.51,1
2023-07,Capital primario,241404.29,241404.29,241404.29,1
2023-07,Ajuste,-629.34,-629.34,-629.34,1
2023-07,Activos y contingentes ponderados por riesgo crediticio y riesgo de mercado,1913282.29,1913282.29,1913282.29,1
2023-07,Activos y contingentes ponderados por riesgo crediticio y deducciones al patrimonio,1659862.78,1659862.78,1659862.78,1
2023-06,Activos y contingentes ponderados por riesgo crediticio y deducciones al patrimonio,1616876.73,1616876.73,1616876.73,1
2023-06,Activos y contingentes ponderados por riesgo crediticio y riesgo de mercado,1826294.39,1826294.39,1826294.39,1
2023-06,Ajuste,-639.41,-639.41,-639.41,1
2023-06,Capital primario,240843.85,240843.85,240843.85,1
2023-06,Capital requerido por riesgo de mercado,209417.66,209417.66,209417.66,1
2023-06,Capital secundario,47959.39,47959.39,47959.39,1
2023-06,Sobrante o faltante,105534.39,105534.39,105534.39,1
2023-06,Índice de solvencia,15.78,15.78,15.78,1
2023-06,Patrimonio técnico ajustado,288163.83,288163.83,288163.83,1
2023-05,Capital requerido por riesgo de mercado,268124.94,268124.94,268124.94,1
2023-05,Activos y contingentes ponderados por riesgo crediticio y deducciones al patrimonio,1539331.75,1539331.75,1539331.75,1
2023-05,Activos y contingentes ponderados por riesgo crediticio y riesgo de mercado,1807456.69,1807456.69,1807456.69,1
2023-05,Ajuste,-645.94,-645.94,-645.94,1
2023-05,Capital primario,240349.71,240349.71,240349.71,1
2023-05,Capital secundario,47936.82,47936.82,47936.82,1
2023-05,Patrimonio técnico ajustado,287640.59,287640.59,287640.59,1
2023-05,Sobrante o faltante,106894.92,106894.92,106894.92,1
2023-05,Índice de solvencia,15.91,15.91,15.91,1
2023-04,Capital requerido por riesgo de mercado,268806.16,268806.16,268806.16,1
2023-04,Activos y contingentes ponderados por riesgo crediticio y deducciones al patrimonio,1514037.47,1514037.47,1514037.47,1
2023-04,Ajuste,-798.44,-798.44,-798.44,1
2023-04,Capital primario,237092.64,237092.64,237092.64,1
2023-04,Activos y contingentes ponderados por riesgo crediticio y riesgo de mercado,1782843.63,1782843.63,1782843.63,1
2023-04,Capital secundario,47933.3,47933.3,47933.3,1
2023-04,Sobrante o faltante,105943.14,105943.14,105943.14,1
2023-04,Patrimonio técnico ajustado,284227.5,284227.5,284227.5,1
2023-04,Índice de solvencia,15.94,15.94,15.94,1
2023-03,Capital requerido por riesgo de mercado,264647.47,264647.47,264647.47,1
2023-03,Activos y contingentes ponderados por riesgo crediticio y deducciones al patrimonio,1503734.9,1503734.9,1503734.9,1
2023-03,Activos y contingentes ponderados por riesgo crediticio y riesgo de mercado,1768382.37,1768382.37,1768382.37,1
2023-03,Ajuste,-626.44,-626.44,-626.44,1
2023-03,Capital primario,233895.69,233895.69,233895.69,1
2023-03,Capital secundario,47804.48,47804.48,47804.48,1
2023-03,Patrimonio técnico ajustado,281073.74,281073.74,281073.74,1
2023-03,Sobrante o faltante,104235.5,104235.5,104235.5,1
2023-03,Índice de solvencia,15.89,15.89,15.89,1
2023-02,Capital primario,223354.22,223354.22,223354.22,1
2023-02,Activos y contingentes ponderados por riesgo crediticio y deducciones al patrimonio,1493851.7,1493851.7,1493851.7,1
2023-02,Activos y contingentes ponderados por riesgo crediticio y riesgo de mercado,1780141.12,1780141.12,1780141.12,1
2023-02,Ajuste,-599.43,-599.43,-599.43,1
2023-02,Capital requerido por riesgo de mercado,286289.42,286289.42,286289.42,1
2023-02,Patrimonio técnico ajustado,270518.14,270518.14,270518.14,1
2023-02,Sobrante o faltante,92504.03,92504.03,92504.03,1
2023-02,Índice de solvencia,15.2,15.2,15.2,1
2023-02,Capital secundario,47763.34,47763.34,47763.34,1
2023-01,Capital requerido por riesgo de mercado,221775.72,221775.72,221775.72,1
2023-01,Índice de solvencia,15.99,15.99,15.99,1
2023-01,Sobrante o faltante,101055.21,101055.21,101055.21,1
2023-01,Patrimonio técnico ajustado,269835.46,269835.46,269835.46,1
2023-01,Capital secundario,48301.19,48301.19,48301.19,1
2023-01,Capital primario,222154.42,222154.42,222154.42,1
2023-01,Ajuste,-620.15,-620.15,-620.15,1
2023-01,Activos y contingentes ponderados por riesgo crediticio y riesgo de mercado,1687802.48,1687802.48,1687802.48,1
2023-01,Activos y contingentes ponderados por riesgo crediticio y deducciones al patrimonio,1466026.76,1466026.76,1466026.76,1
2022-12,Activos y contingentes ponderados por riesgo crediticio y riesgo de mercado,1670476.09,1670476.09,1670476.09,1
2022-12,Ajuste,-1469.7,-1469.7,-1469.7,1
2022-12,Capital requerido por riesgo de mercado,229318.54,229318.54,229318.54,1
2022-12,Activos y contingentes ponderados por riesgo crediticio y deducciones al patrimonio,1441157.55,1441157.55,1441157.55,1
2022-12,Capital primario,208895.82,208895.82,208895.82,1
2022-12,Capital secundario,48350.33,48350.33,48350.33,1
2022-12,Sobrante o faltante,88728.83,88728.83,88728.83,1
2022-12,Índice de solvencia,15.31,15.31,15.31,1
2022-12,Patrimonio técnico ajustado,255776.44,255776.44,255776.44,1
2022-11,Capital requerido por riesgo de mercado,297225.09,297225.09,297225.09,1
2022-11,Índice de solvencia,15.05,15.05,15.05,1
2022-11,Sobrante o faltante,87010.15,87010.15,87010.15,1
2022-11,Patrimonio técnico ajustado,259413.74,259413.74,259413.74,1
2022-11,Capital secundario,51142.2,51142.2,51142.2,1
2022-11,Capital primario,209641.31,209641.31,209641.31,1
2022-11,Ajuste,-1369.78,-1369.78,-1369.78,1
2022-11,Activos y contingentes ponderados por riesgo crediticio y riesgo de mercado,1724035.87,1724035.87,1724035.87,1
2022-11,Activos y contingentes ponderados por riesgo crediticio y deducciones al patrimonio,1426810.77,1426810.77,1426810.77,1
2022-10,Activos y contingentes ponderados por riesgo crediticio y riesgo de mercado,1677893.11,1677893.11,1677893.11,1
2022-10,Ajuste,-1372.73,-1372.73,-1372.73,1
2022-10,Capital requerido por riesgo de mercado,286527.18,286527.18,286527.18,1
2022-10,Activos y contingentes ponderados por riesgo crediticio y deducciones al patrimonio,1391365.93,1391365.93,1391365.93,1
2022-10,Capital primario,209642.37,209642.37,209642.37,1
2022-10,Patrimonio técnico ajustado,259545.5,259545.5,259545.5,1
2022-10,Capital secundario,51916.43,51916.43,51916.43,1
2022-10,Sobrante o faltante,91756.19,91756.19,91756.19,1
2022-10,Índice de solvencia,15.47,15.47,15.47,1
2022-09,Índice de solvencia,15.92,15.92,15.92,1
2022-09,Sobrante o faltante,96144.97,96144.97,96144.97,1
2022-09,Patrimonio técnico ajustado,258644.65,258644.65,258644.65,1
2022-09,Capital secundario,51745.52,51745.52,51745.52,1
2022-09,Capital requerido por riesgo de mercado,251153.69,251153.69,251153.69,1
2022-09,Capital primario,208496.15,208496.15,208496.15,1
2022-09,Ajuste,-1597.03,-1597.03,-1597.03,1
2022-09,Activos y contingentes ponderados por riesgo crediticio y riesgo de mercado,1624996.73,1624996.73,1624996.73,1
2022-09,Activos y contingentes ponderados por riesgo crediticio y deducciones al patrimonio,1373843.04,1373843.04,1373843.04,1
2022-08,Ajuste,-1592.48,-1592.48,-1592.48,1
2022-08,Capital requerido por riesgo de mercado,271583.07,271583.07,271583.07,1
2022-08,Activos y contingentes ponderados por riesgo crediticio y riesgo de mercado,1625028.34,1625028.34,1625028.34,1
2022-08,Capital primario,208113.85,208113.85,208113.85,1
2022-08,Activos y contingentes ponderados por riesgo crediticio y deducciones al patrimonio,1353445.26,1353445.26,1353445.26,1
2022-08,Capital secundario,51730.0,51730.0,51730.0,1
2022-08,Sobrante o faltante,95748.53,95748.53,95748.53,1
2022-08,Índice de solvencia,15.89,15.89,15.89,1
2022-08,Patrimonio técnico ajustado,258251.37,258251.37,258251.37,1
2022-07,Capital primario,208113.85,208113.85,208113.85,1
2022-07,Activos y contingentes ponderados por riesgo crediticio y deducciones al patrimonio,1337795.35,1337795.35,1337795.35,1
2022-07,Activos y contingentes ponderados por riesgo crediticio y riesgo de mercado,1696668.92,1696668.92,1696668.92,1
2022-07,Ajuste,-1655.34,-1655.34,-1655.34,1
2022-07,Capital requerido por riesgo de mercado,358873.57,358873.57,358873.57,1
2022-07,Capital secundario,41816.46,41816.46,41816.46,1
2022-07,Patrimonio técnico ajustado,248274.97,248274.97,248274.97,1
2022-07,Sobrante o faltante,78608.08,78608.08,78608.08,1
2022-07,Índice de solvencia,14.63,14.63,14.63,1
2022-06,Capital requerido por riesgo de mercado,285729.81,285729.81,285729.81,1
2022-06,Activos y contingentes ponderados por riesgo crediticio y deducciones al patrimonio,1328120.93,1328120.93,1328120.93,1
2022-06,Activos y contingentes ponderados por riesgo crediticio y riesgo de mercado,1613850.75,1613850.75,1613850.75,1
2022-06,Ajuste,-1659.99,-1659.99,-1659.99,1
2022-06,Capital primario,208111.02,208111.02,208111.02,1
2022-06,Capital secundario,31693.16,31693.16,31693.16,1
2022-06,Patrimonio técnico ajustado,238144.19,238144.19,238144.19,1
2022-06,Sobrante o faltante,76759.11,76759.11,76759.11,1
2022-06,Índice de solvencia,14.76,14.76,14.76,1
2022-05,Índice de solvencia,14.85,14.85,14.85,1
2022-05,Sobrante o faltante,78034.16,78034.16,78034.16,1
2022-05,Patrimonio técnico ajustado,238795.38,238795.38,238795.38,1
2022-05,Capital secundario,32573.58,32573.58,32573.58,1
2022-05,Capital requerido por riesgo de mercado,279783.9,279783.9,279783.9,1
2022-05,Capital primario,207818.48,207818.48,207818.48,1
2022-05,Ajuste,-1596.68,-1596.68,-1596.68,1
2022-05,Activos y contingentes ponderados por riesgo crediticio y riesgo de mercado,1607612.22,1607612.22,1607612.22,1
2022-05,Activos y contingentes ponderados por riesgo crediticio y deducciones al patrimonio,1327828.32,1327828.32,1327828.32,1
2022-04,Capital requerido por riesgo de mercado,204491.96,204491.96,204491.96,1
2022-04,Activos y contingentes ponderados por riesgo crediticio y riesgo de mercado,1498172.07,1498172.07,1498172.07,1
2022-04,Ajuste,-1625.88,-1625.88,-1625.88,1
2022-04,Capital primario,204911.14,204911.14,204911.14,1
2022-04,Activos y contingentes ponderados por riesgo crediticio y deducciones al patrimonio,1293680.1,1293680.1,1293680.1,1
2022-04,Capital secundario,32541.74,32541.74,32541.74,1
2022-04,Sobrante o faltante,86009.8,86009.8,86009.8,1
2022-04,Índice de solvencia,15.74,15.74,15.74,1
2022-04,Patrimonio técnico ajustado,235827.01,235827.01,235827.01,1
2022-03,Capital requerido por riesgo de mercado,210400.84,210400.84,210400.84,1
2022-03,Activos y contingentes ponderados por riesgo crediticio y deducciones al patrimonio,1278202.56,1278202.56,1278202.56,1
2022-03,Activos y contingentes ponderados por riesgo crediticio y riesgo de mercado,1488603.4,1488603.4,1488603.4,1
2022-03,Ajuste,-1638.17,-1638.17,-1638.17,1
2022-03,Capital primario,204740.55,204740.55,204740.55,1
2022-03,Capital secundario,32538.09,32538.09,32538.09,1
2022-03,Patrimonio técnico ajustado,235640.47,235640.47,235640.47,1
2022-03,Sobrante o faltante,86780.13,86780.13,86780.13,1
2022-03,Índice de solvencia,15.83,15.83,15.83,1
2022-02,Capital requerido por riesgo de mercado,178121.31,178121.31,178121.31,1
2022-02,Activos y contingentes ponderados por riesgo crediticio y riesgo de mercado,1435847.77,1435847.77,1435847.77,1
2022-02,Ajuste,-1660.31,-1660.31,-1660.31,1
2022-02,Capital primario,194244.52,194244.52,194244.52,1
2022-02,Activos y contingentes ponderados por riesgo crediticio y deducciones al patrimonio,1257726.45,1257726.45,1257726.45,1
2022-02,Capital secundario,32455.25,32455.25,32455.25,1
2022-02,Sobrante o faltante,81454.68,81454.68,81454.68,1
2022-02,Índice de solvencia,15.67,15.67,15.67,1
2022-02,Patrimonio técnico ajustado,225039.45,225039.45,225039.45,1
2022-01,Capital requerido por riesgo de mercado,88083.66,88083.66,88083.66,1
2022-01,Activos y contingentes ponderados por riesgo crediticio y riesgo de mercado,1343072.72,1343072.72,1343072.72,1
2022-01,Ajuste,-1836.03,-1836.03,-1836.03,1
2022-01,Capital primario,193565.09,193565.09,193565.09,1
2022-01,Activos y contingentes ponderados por riesgo crediticio y deducciones al patrimonio,1254989.06,1254989.06,1254989.06,1
2022-01,Capital secundario,36596.72,36596.72,36596.72,1
2022-01,Patrimonio técnico ajustado,228325.77,228325.77,228325.77,1
2022-01,Sobrante o faltante,94018.5,94018.5,94018.5,1
2022-01,Índice de solvencia,17.0,17.0,17.0,1
2021-12,Activos y contingentes ponderados por riesgo crediticio y deducciones al patrimonio,1240152.04,1240152.04,1240152.04,1
2021-12,Activos y contingentes ponderados por riesgo crediticio y riesgo de mercado,1306283.12,1306283.12,1306283.12,1
2021-12,Ajuste,-1765.9,-1765.9,-1765.9,1
2021-12,Capital primario,183481.89,183481.89,183481.89,1
2021-12,Capital requerido por riesgo de mercado,66131.08,66131.08,66131.08,1
2021-12,Capital secundario,33696.96,33696.96,33696.96,1
2021-12,Patrimonio técnico ajustado,215412.95,215412.95,215412.95,1
2021-12,Sobrante o faltante,84784.64,84784.64,84784.64,1
2021-12,Índice de solvencia,16.49,16.49,16.49,1
2021-11,Capital requerido por riesgo de mercado,54465.75,54465.75,54465.75,1
2021-11,Activos y contingentes ponderados por riesgo crediticio y riesgo de mercado,1286875.01,1286875.01,1286875.01,1
2021-11,Activos y contingentes ponderados por riesgo crediticio y deducciones al patrimonio,1232409.26,1232409.26,1232409.26,1
2021-11,Ajuste,-2742.39,-2742.39,-2742.39,1
2021-11,Capital primario,184758.63,184758.63,184758.63,1
2021-11,Sobrante o faltante,88047.99,88047.99,88047.99,1
2021-11,Capital secundario,34719.25,34719.25,34719.25,1
2021-11,Índice de solvencia,16.84,16.84,16.84,1
2021-11,Patrimonio técnico ajustado,216735.49,216735.49,216735.49,1
2021-10,Índice de solvencia,17.35,17.35,17.35,1
2021-10,Sobrante o faltante,92030.41,92030.41,92030.41,1
2021-10,Patrimonio técnico ajustado,217276.06,217276.06,217276.06,1
2021-10,Capital secundario,36901.48,36901.48,36901.48,1
2021-10,Capital requerido por riesgo de mercado,50894.25,50894.25,50894.25,1
2021-10,Capital primario,184758.63,184758.63,184758.63,1
2021-10,Ajuste,-4384.05,-4384.05,-4384.05,1
2021-10,Activos y contingentes ponderados por riesgo crediticio y riesgo de mercado,1252456.45,1252456.45,1252456.45,1
2021-10,Activos y contingentes ponderados por riesgo crediticio y deducciones al patrimonio,1201562.2,1201562.2,1201562.2,1
2021-09,Capital primario,184692.28,184692.28,184692.28,1
2021-09,Activos y contingentes ponderados por riesgo crediticio y deducciones al patrimonio,1184457.77,1184457.77,1184457.77,1
2021-09,Activos y contingentes ponderados por riesgo crediticio y riesgo de mercado,1242512.96,1242512.96,1242512.96,1
2021-09,Ajuste,-3851.13,-3851.13,-3851.13,1
2021-09,Capital requerido por riesgo de mercado,58055.19,58055.19,58055.19,1
2021-09,Patrimonio técnico ajustado,218635.56,218635.56,218635.56,1
2021-09,Sobrante o faltante,94384.27,94384.27,94384.27,1
2021-09,Índice de solvencia,17.6,17.6,17.6,1
2021-09,Capital secundario,37794.41,37794.41,37794.41,1
2021-08,Capital secundario,37677.24,37677.24,37677.24,1
2021-08,Índice de solvencia,17.68,17.68,17.68,1
2021-08,Sobrante o faltante,95092.47,95092.47,95092.47,1
2021-08,Patrimonio técnico ajustado,218856.89,218856.89,218856.89,1
2021-08,Capital requerido por riesgo de mercado,58722.5,58722.5,58722.5,1
2021-08,Capital primario,184692.28,184692.28,184692.28,1
2021-08,Ajuste,-3512.63,-3512.63,-3512.63,1
2021-08,Activos y contingentes ponderados por riesgo crediticio y riesgo de mercado,1237644.22,1237644.22,1237644.22,1
2021-08,Activos y contingentes ponderados por riesgo crediticio y deducciones al patrimonio,1178921.71,1178921.71,1178921.71,1
2021-07,Activos y contingentes ponderados por riesgo crediticio y riesgo de mercado,1103813.35,1103813.35,1103813.35,1
2021-07,Capital primario,184328.2,184328.2,184328.2,1
2021-07,Activos y contingentes ponderados por riesgo crediticio y deducciones al patrimonio,1047959.7,1047959.7,1047959.7,1
2021-07,Ajuste,-2817.53,-2817.53,-2817.53,1
2021-07,Capital requerido por riesgo de mercado,55853.64,55853.64,55853.64,1
2021-07,Capital secundario,37220.82,37220.82,37220.82,1
2021-07,Patrimonio técnico ajustado,218731.49,218731.49,218731.49,1
2021-07,Sobrante o faltante,108350.15,108350.15,108350.15,1
2021-07,Índice de solvencia,19.82,19.82,19.82,1
2021-06,Capital primario,184086.82,184086.82,184086.82,1
2021-06,Activos y contingentes ponderados por riesgo crediticio y deducciones al patrimonio,1039778.71,1039778.71,1039778.71,1
2021-06,Activos y contingentes ponderados por riesgo crediticio y riesgo de mercado,1097990.55,1097990.55,1097990.55,1
2021-06,Ajuste,-1792.54,-1792.54,-1792.54,1
2021-06,Capital requerido por riesgo de mercado,58211.84,58211.84,58211.84,1
2021-06,Capital secundario,36667.23,36667.23,36667.23,1
2021-06,Patrimonio técnico ajustado,218961.52,218961.52,218961.52,1
2021-06,Sobrante o faltante,109162.46,109162.46,109162.46,1
2021-06,Índice de solvencia,19.94,19.94,19.94,1
2021-05,Capital primario,183782.31,183782.31,183782.31,1
2021-05,Activos y contingentes ponderados por riesgo crediticio y deducciones al patrimonio,1086197.24,1086197.24,1086197.24,1
2021-05,Activos y contingentes ponderados por riesgo crediticio y riesgo de mercado,1144206.08,1144206.08,1144206.08,1
2021-05,Ajuste,-1643.42,-1643.42,-1643.42,1
2021-05,Capital secundario,36446.71,36446.71,36446.71,1
2021-05,Patrimonio técnico ajustado,218585.6,218585.6,218585.6,1
2021-05,Capital requerido por riesgo de mercado,58008.84,58008.84,58008.84,1
2021-05,Sobrante o faltante,104164.99,104164.99,104164.99,1
2021-05,Índice de solvencia,19.1,19.1,19.1,1
2021-04,Índice de solvencia,18.88,18.88,18.88,1
2021-04,Sobrante o faltante,99067.37,99067.37,99067.37,1
2021-04,Patrimonio técnico ajustado,210662.77,210662.77,210662.77,1
2021-04,Capital secundario,36424.76,36424.76,36424.76,1
2021-04,Capital requerido por riesgo de mercado,63445.55,63445.55,63445.55,1
2021-04,Capital primario,175872.5,175872.5,175872.5,1
2021-04,Ajuste,-1634.49,-1634.49,-1634.49,1
2021-04,Activos y contingentes ponderados por riesgo crediticio y riesgo de mercado,1115954.01,1115954.01,1115954.01,1
2021-04,Activos y contingentes ponderados por riesgo crediticio y deducciones al patrimonio,1052508.46,1052508.46,1052508.46,1
2021-03,Activos y contingentes ponderados por riesgo crediticio y deducciones al patrimonio,1028474.02,1028474.02,1028474.02,1
2021-03,Capital requerido por riesgo de mercado,59741.7,59741.7,59741.7,1
2021-03,Activos y contingentes ponderados por riesgo crediticio y riesgo de mercado,1088215.72,1088215.72,1088215.72,1
2021-03,Capital primario,175872.5,175872.5,175872.5,1
2021-03,Ajuste,-1618.23,-1618.23,-1618.23,1
2021-03,Capital secundario,36242.77,36242.77,36242.77,1
2021-03,Índice de solvencia,19.34,19.34,19.34,1
2021-03,Patrimonio técnico ajustado,210497.03,210497.03,210497.03,1
2021-03,Sobrante o faltante,101675.46,101675.46,101675.46,1
2021-02,Índice de solvencia,18.62,18.62,18.62,1
2021-02,Sobrante o faltante,95060.44,95060.44,95060.44,1
2021-02,Patrimonio técnico ajustado,205366.95,205366.95,205366.95,1
2021-02,Capital secundario,37804.52,37804.52,37804.52,1
2021-02,Capital requerido por riesgo de mercado,66237.95,66237.95,66237.95,1
2021-02,Capital primario,169042.7,169042.7,169042.7,1
2021-02,Ajuste,-1480.27,-1480.27,-1480.27,1
2021-02,Activos y contingentes ponderados por riesgo crediticio y riesgo de mercado,1103065.11,1103065.11,1103065.11,1
2021-02,Activos y contingentes ponderados por riesgo crediticio y deducciones al patrimonio,1036827.16,1036827.16,1036827.16,1
2021-01,Capital requerido por riesgo de mercado,63349.42,63349.42,63349.42,1
2021-01,Activos y contingentes ponderados por riesgo crediticio y deducciones al patrimonio,1022978.25,1022978.25,1022978.25,1
2021-01,Activos y contingentes ponderados por riesgo crediticio y riesgo de mercado,1086327.66,1086327.66,1086327.66,1
2021-01,Ajuste,-1463.81,-1463.81,-1463.81,1
2021-01,Capital primario,168564.74,168564.74,168564.74,1
2021-01,Capital secundario,40100.63,40100.63,40100.63,1
2021-01,Patrimonio técnico ajustado,207201.56,207201.56,207201.56,1
2021-01,Sobrante o faltante,98568.79,98568.79,98568.79,1
2021-01,Índice de solvencia,19.07,19.07,19.07,1
2020-12,Capital requerido por riesgo de mercado,64280.15,64280.15,64280.15,1
2020-12,Activos y contingentes ponderados por riesgo crediticio y deducciones al patrimonio,1016281.88,1016281.88,1016281.88,1
2020-12,Activos y contingentes ponderados por riesgo crediticio y riesgo de mercado,1080562.03,1080562.03,1080562.03,1
2020-12,Ajuste,-1257.15,-1257.15,-1257.15,1
2020-12,Capital primario,162076.08,162076.08,162076.08,1
2020-12,Capital secundario,40123.0,40123.0,40123.0,1
2020-12,Patrimonio técnico ajustado,200941.93,200941.93,200941.93,1
2020-12,Sobrante o faltante,92885.73,92885.73,92885.73,1
2020-12,Índice de solvencia,18.6,18.6,18.6,1
2020-11,Activos y contingentes ponderados por riesgo crediticio y deducciones al patrimonio,1028888.16,1028888.16,1028888.16,1
2020-11,Activos y contingentes ponderados por riesgo crediticio y riesgo de mercado,1099972.67,1099972.67,1099972.67,1
2020-11,Ajuste,-915.4,-915.4,-915.4,1
2020-11,Capital requerido por riesgo de mercado,71084.51,71084.51,71084.51,1
2020-11,Capital primario,161957.79,161957.79,161957.79,1
2020-11,Capital secundario,31368.57,31368.57,31368.57,1
2020-11,Índice de solvencia,17.49,17.49,17.49,1
2020-11,Patrimonio técnico ajustado,192410.96,192410.96,192410.96,1
2020-11,Sobrante o faltante,82413.7,82413.7,82413.7,1
2020-10,Índice de solvencia,17.87,17.87,17.87,1
2020-10,Sobrante o faltante,85194.43,85194.43,85194.43,1
2020-10,Patrimonio técnico ajustado,193490.23,193490.23,193490.23,1
2020-10,Capital requerido por riesgo de mercado,66111.05,66111.05,66111.05,1
2020-10,Capital primario,161789.88,161789.88,161789.88,1
2020-10,Ajuste,-891.59,-891.59,-891.59,1
2020-10,Activos y contingentes ponderados por riesgo crediticio y riesgo de mercado,1082958.0,1082958.0,1082958.0,1
2020-10,Activos y contingentes ponderados por riesgo crediticio y deducciones al patrimonio,1016846.95,1016846.95,1016846.95,1
2020-10,Capital secundario,32591.94,32591.94,32591.94,1
2020-09,Activos y contingentes ponderados por riesgo crediticio y deducciones al patrimonio,1025639.42,1025639.42,1025639.42,1
2020-09,Capital requerido por riesgo de mercado,112545.49,112545.49,112545.49,1
2020-09,Activos y contingentes ponderados por riesgo crediticio y riesgo de mercado,1138184.91,1138184.91,1138184.91,1
2020-09,Ajuste,-716.5,-716.5,-716.5,1
2020-09,Capital primario,161789.88,161789.88,161789.88,1
2020-09,Capital secundario,33573.5,33573.5,33573.5,1
2020-09,Sobrante o faltante,80828.38,80828.38,80828.38,1
2020-09,Índice de solvencia,17.1,17.1,17.1,1
2020-09,Patrimonio técnico ajustado,194646.87,194646.87,194646.87,1
2020-08,Capital requerido por riesgo de mercado,116247.43,116247.43,116247.43,1
2020-08,Activos y contingentes ponderados por riesgo crediticio y deducciones al patrimonio,1041415.24,1041415.24,1041415.24,1
2020-08,Activos y contingentes ponderados por riesgo crediticio y riesgo de mercado,1157662.68,1157662.68,1157662.68,1
2020-08,Ajuste,-548.88,-548.88,-548.88,1
2020-08,Capital primario,161711.95,161711.95,161711.95,1
2020-08,Capital secundario,33579.34,33579.34,33579.34,1
2020-08,Patrimonio técnico ajustado,194742.41,194742.41,194742.41,1
2020-08,Sobrante o faltante,78976.14,78976.14,78976.14,1
2020-08,Índice de solvencia,16.82,16.82,16.82,1
2020-07,Activos y contingentes ponderados por riesgo crediticio y riesgo de mercado,1199690.82,1199690.82,1199690.82,1
2020-07,Índice de solvencia,16.22,16.22,16.22,1
2020-07,Sobrante o faltante,74650.26,74650.26,74650.26,1
2020-07,Patrimonio técnico ajustado,194619.34,194619.34,194619.34,1
2020-07,Capital secundario,33592.88,33592.88,33592.88,1
2020-07,Capital requerido por riesgo de mercado,133039.53,133039.53,133039.53,1
2020-07,Capital primario,161609.33,161609.33,161609.33,1
2020-07,Ajuste,-582.87,-582.87,-582.87,1
2020-07,Activos y contingentes ponderados por riesgo crediticio y deducciones al patrimonio,1066651.29,1066651.29,1066651.29,1
2020-06,Sobrante o faltante,72772.24,72772.24,72772.24,1
2020-06,Patrimonio técnico ajustado,197741.01,197741.01,197741.01,1
2020-06,Capital secundario,33551.46,33551.46,33551.46,1
2020-06,Capital requerido por riesgo de mercado,157190.13,157190.13,157190.13,1
2020-06,Capital primario,164795.0,164795.0,164795.0,1
2020-06,Ajuste,-605.45,-605.45,-605.45,1
2020-06,Activos y contingentes ponderados por riesgo crediticio y riesgo de mercado,1249687.66,1249687.66,1249687.66,1
2020-06,Activos y contingentes ponderados por riesgo crediticio y deducciones al patrimonio,1092497.54,1092497.54,1092497.54,1
2020-06,Índice de solvencia,15.82,15.82,15.82,1
2020-05,Capital primario,159428.06,159428.06,159428.06,1
2020-05,Capital requerido por riesgo de mercado,158547.65,158547.65,158547.65,1
2020-05,Activos y contingentes ponderados por riesgo crediticio y deducciones al patrimonio,1080069.96,1080069.96,1080069.96,1
2020-05,Activos y contingentes ponderados por riesgo crediticio y riesgo de mercado,1238617.62,1238617.62,1238617.62,1
2020-05,Ajuste,-652.85,-652.85,-652.85,1
2020-05,Sobrante o faltante,68228.91,68228.91,68228.91,1
2020-05,Capital secundario,33315.46,33315.46,33315.46,1
2020-05,Patrimonio técnico ajustado,192090.67,192090.67,192090.67,1
2020-05,Índice de solvencia,15.51,15.51,15.51,1
2020-04,Activos y contingentes ponderados por riesgo crediticio y deducciones al patrimonio,1059465.69,1059465.69,1059465.69,1
2020-04,Capital requerido por riesgo de mercado,178109.53,178109.53,178109.53,1
2020-04,Activos y contingentes ponderados por riesgo crediticio y riesgo de mercado,1237575.22,1237575.22,1237575.22,1
2020-04,Ajuste,-677.32,-677.32,-677.32,1
2020-04,Capital primario,158151.09,158151.09,158151.09,1
2020-04,Sobrante o faltante,66541.97,66541.97,66541.97,1
2020-04,Capital secundario,32825.72,32825.72,32825.72,1
2020-04,Patrimonio técnico ajustado,190299.49,190299.49,190299.49,1
2020-04,Índice de solvencia,15.38,15.38,15.38,1
2020-03,Capital requerido por riesgo de mercado,178525.06,178525.06,178525.06,1
2020-03,Activos y contingentes ponderados por riesgo crediticio y deducciones al patrimonio,1051557.36,1051557.36,1051557.36,1
2020-03,Activos y contingentes ponderados por riesgo crediticio y riesgo de mercado,1230082.41,1230082.41,1230082.41,1
2020-03,Ajuste,-630.66,-630.66,-630.66,1
2020-03,Capital primario,158118.89,158118.89,158118.89,1
2020-03,Capital secundario,32732.51,32732.51,32732.51,1
2020-03,Patrimonio técnico ajustado,190220.74,190220.74,190220.74,1
2020-03,Sobrante o faltante,67212.5,67212.5,67212.5,1
2020-03,Índice de solvencia,15.46,15.46,15.46,1
2020-02,Activos y contingentes ponderados por riesgo crediticio y deducciones al patrimonio,1041613.87,1041613.87,1041613.87,1
2020-02,Activos y contingentes ponderados por riesgo crediticio y riesgo de mercado,1231313.61,1231313.61,1231313.61,1
2020-02,Capital requerido por riesgo de mercado,189699.75,189699.75,189699.75,1
2020-02,Ajuste,-2093.05,-2093.05,-2093.05,1
2020-02,Capital primario,147369.65,147369.65,147369.65,1
2020-02,Sobrante o faltante,54829.24,54829.24,54829.24,1
2020-02,Capital secundario,32684.0,32684.0,32684.0,1
2020-02,Índice de solvencia,14.45,14.45,14.45,1
2020-02,Patrimonio técnico ajustado,177960.6,177960.6,177960.6,1
2020-01,Capital requerido por riesgo de mercado,153511.6,153511.6,153511.6,1
2020-01,Activos y contingentes ponderados por riesgo crediticio y riesgo de mercado,1182057.77,1182057.77,1182057.77,1
2020-01,Ajuste,-1302.85,-1302.85,-1302.85,1
2020-01,Capital primario,146405.16,146405.16,146405.16,1
2020-01,Activos y contingentes ponderados por riesgo crediticio y deducciones al patrimonio,1028546.17,1028546.17,1028546.17,1
2020-01,Capital secundario,32722.07,32722.07,32722.07,1
2020-01,Sobrante o faltante,59618.6,59618.6,59618.6,1
2020-01,Índice de solvencia,15.04,15.04,15.04,1
2020-01,Patrimonio técnico ajustado,177824.38,177824.38,177824.38,1
2019-12,Capital requerido por riesgo de mercado,165035.59,165035.59,165035.59,1
2019-12,Activos y contingentes ponderados por riesgo crediticio y deducciones al patrimonio,1020010.91,1020010.91,1020010.91,1
2019-12,Activos y contingentes ponderados por riesgo crediticio y riesgo de mercado,1185046.49,1185046.49,1185046.49,1
2019-12,Ajuste,-1282.99,-1282.99,-1282.99,1
2019-12,Capital primario,142939.38,142939.38,142939.38,1
2019-12,Capital secundario,35377.75,35377.75,35377.75,1
2019-12,Patrimonio técnico ajustado,177034.14,177034.14,177034.14,1
2019-12,Sobrante o faltante,58529.49,58529.49,58529.49,1
2019-12,Índice de solvencia,14.94,14.94,14.94,1
2019-11,Capital requerido por riesgo de mercado,165632.43,165632.43,165632.43,1
2019-11,Activos y contingentes ponderados por riesgo crediticio y deducciones al patrimonio,1019731.97,1019731.97,1019731.97,1
2019-11,Activos y contingentes ponderados por riesgo crediticio y riesgo de mercado,1185364.4,1185364.4,1185364.4,1
2019-11,Ajuste,-1232.02,-1232.02,-1232.02,1
2019-11,Capital primario,142851.38,142851.38,142851.38,1
2019-11,Capital secundario,35569.53,35569.53,35569.53,1
2019-11,Patrimonio técnico ajustado,177188.89,177188.89,177188.89,1
2019-11,Sobrante o faltante,58652.45,58652.45,58652.45,1
2019-11,Índice de solvencia,14.95,14.95,14.95,1
2019-10,Activos y contingentes ponderados por riesgo crediticio y deducciones al patrimonio,1007931.02,1007931.02,1007931.02,1
2019-10,Activos y contingentes ponderados por riesgo crediticio y riesgo de mercado,1160664.93,1160664.93,1160664.93,1
2019-10,Capital requerido por riesgo de mercado,152733.91,152733.91,152733.91,1
2019-10,Ajuste,-1265.36,-1265.36,-1265.36,1
2019-10,Capital primario,142851.38,142851.38,142851.38,1
2019-10,Sobrante o faltante,61076.45,61076.45,61076.45,1
2019-10,Capital secundario,35556.93,35556.93,35556.93,1
2019-10,Índice de solvencia,15.26,15.26,15.26,1
2019-10,Patrimonio técnico ajustado,177142.94,177142.94,177142.94,1
2019-09,Capital requerido por riesgo de mercado,138987.57,138987.57,138987.57,1
2019-09,Activos y contingentes ponderados por riesgo crediticio y riesgo de mercado,1135523.85,1135523.85,1135523.85,1
2019-09,Ajuste,-1697.49,-1697.49,-1697.49,1
2019-09,Capital primario,143337.24,143337.24,143337.24,1
2019-09,Activos y contingentes ponderados por riesgo crediticio y deducciones al patrimonio,996536.28,996536.28,996536.28,1
2019-09,Capital secundario,35485.46,35485.46,35485.46,1
2019-09,Sobrante o faltante,63572.83,63572.83,63572.83,1
2019-09,Índice de solvencia,15.6,15.6,15.6,1
2019-09,Patrimonio técnico ajustado,177125.22,177125.22,177125.22,1
2019-08,Capital requerido por riesgo de mercado,103185.91,103185.91,103185.91,1
2019-08,Activos y contingentes ponderados por riesgo crediticio y deducciones al patrimonio,977011.86,977011.86,977011.86,1
2019-08,Activos y contingentes ponderados por riesgo crediticio y riesgo de mercado,1080197.77,1080197.77,1080197.77,1
2019-08,Ajuste,-1666.3,-1666.3,-1666.3,1
2019-08,Capital primario,143337.24,143337.24,143337.24,1
2019-08,Capital secundario,35090.16,35090.16,35090.16,1
2019-08,Patrimonio técnico ajustado,176761.1,176761.1,176761.1,1
2019-08,Sobrante o faltante,68741.32,68741.32,68741.32,1
2019-08,Índice de solvencia,16.36,16.36,16.36,1
2019-07,Capital requerido por riesgo de mercado,132122.35,132122.35,132122.35,1
2019-07,Activos y contingentes ponderados por riesgo crediticio y riesgo de mercado,1101342.14,1101342.14,1101342.14,1
2019-07,Ajuste,-1661.98,-1661.98,-1661.98,1
2019-07,Capital primario,143207.24,143207.24,143207.24,1
2019-07,Activos y contingentes ponderados por riesgo crediticio y deducciones al patrimonio,969219.78,969219.78,969219.78,1
2019-07,Capital secundario,34522.95,34522.95,34522.95,1
2019-07,Índice de solvencia,15.99,15.99,15.99,1
2019-07,Patrimonio técnico ajustado,176068.21,176068.21,176068.21,1
2019-07,Sobrante o faltante,65934.0,65934.0,65934.0,1
2019-06,Índice de solvencia,16.12,16.12,16.12,1
2019-06,Sobrante o faltante,66786.02,66786.02,66786.02,1
2019-06,Patrimonio técnico ajustado,175984.26,175984.26,175984.26,1
2019-06,Capital secundario,34468.86,34468.86,34468.86,1
2019-06,Capital primario,143161.81,143161.81,143161.81,1
2019-06,Ajuste,-1646.41,-1646.41,-1646.41,1
2019-06,Activos y contingentes ponderados por riesgo crediticio y riesgo de mercado,1091982.39,1091982.39,1091982.39,1
2019-06,Activos y contingentes ponderados por riesgo crediticio y deducciones al patrimonio,964708.48,964708.48,964708.48,1
2019-06,Capital requerido por riesgo de mercado,127273.92,127273.92,127273.92,1
2019-05,Activos y contingentes ponderados por riesgo crediticio y deducciones al patrimonio,941227.54,941227.54,941227.54,1
2019-05,Capital requerido por riesgo de mercado,119923.77,119923.77,119923.77,1
2019-05,Activos y contingentes ponderados por riesgo crediticio y riesgo de mercado,1061151.31,1061151.31,1061151.31,1
2019-05,Ajuste,-7705.06,-7705.06,-7705.06,1
2019-05,Capital primario,139842.12,139842.12,139842.12,1
2019-05,Capital secundario,34412.83,34412.83,34412.83,1
2019-05,Patrimonio técnico ajustado,166549.88,166549.88,166549.88,1
2019-05,Sobrante o faltante,60434.75,60434.75,60434.75,1
2019-05,Índice de solvencia,15.7,15.7,15.7,1
2019-04,Índice de solvencia,15.99,15.99,15.99,1
2019-04,Sobrante o faltante,61907.12,61907.12,61907.12,1
2019-04,Patrimonio técnico ajustado,165259.45,165259.45,165259.45,1
2019-04,Capital secundario,34559.75,34559.75,34559.75,1
2019-04,Capital requerido por riesgo de mercado,102929.03,102929.03,102929.03,1
2019-04,Capital primario,138345.7,138345.7,138345.7,1
2019-04,Ajuste,-7645.99,-7645.99,-7645.99,1
2019-04,Activos y contingentes ponderados por riesgo crediticio y riesgo de mercado,1033523.33,1033523.33,1033523.33,1
2019-04,Activos y contingentes ponderados por riesgo crediticio y deducciones al patrimonio,930594.3,930594.3,930594.3,1
2019-03,Capital requerido por riesgo de mercado,109483.4,109483.4,109483.4,1
2019-03,Activos y contingentes ponderados por riesgo crediticio y riesgo de mercado,1031702.52,1031702.52,1031702.52,1
2019-03,Ajuste,-1747.06,-1747.06,-1747.06,1
2019-03,Capital primario,130064.43,130064.43,130064.43,1
2019-03,Activos y contingentes ponderados por riesgo crediticio y deducciones al patrimonio,922219.12,922219.12,922219.12,1
2019-03,Capital secundario,34573.42,34573.42,34573.42,1
2019-03,Patrimonio técnico ajustado,162890.79,162890.79,162890.79,1
2019-03,Sobrante o faltante,59720.54,59720.54,59720.54,1
2019-03,Índice de solvencia,15.79,15.79,15.79,1
2019-02,Capital requerido por riesgo de mercado,114691.45,114691.45,114691.45,1
2019-02,Activos y contingentes ponderados por riesgo crediticio y deducciones al patrimonio,919928.54,919928.54,919928.54,1
2019-02,Activos y contingentes ponderados por riesgo crediticio y riesgo de mercado,1034619.99,1034619.99,1034619.99,1
2019-02,Ajuste,-1875.87,-1875.87,-1875.87,1
2019-02,Capital primario,129689.31,129689.31,129689.31,1
2019-02,Sobrante o faltante,58829.6,58829.6,58829.6,1
2019-02,Capital secundario,34478.15,34478.15,34478.15,1
2019-02,Patrimonio técnico ajustado,162291.59,162291.59,162291.59,1
2019-02,Índice de solvencia,15.69,15.69,15.69,1
2019-01,Índice de solvencia,16.05,16.05,16.05,1
2019-01,Sobrante o faltante,61291.14,61291.14,61291.14,1
2019-01,Patrimonio técnico ajustado,162664.84,162664.84,162664.84,1
2019-01,Capital secundario,34480.77,34480.77,34480.77,1
2019-01,Capital requerido por riesgo de mercado,101529.73,101529.73,101529.73,1
2019-01,Capital primario,129661.26,129661.26,129661.26,1
2019-01,Ajuste,-1477.2,-1477.2,-1477.2,1
2019-01,Activos y contingentes ponderados por riesgo crediticio y riesgo de mercado,1013737.02,1013737.02,1013737.02,1
2019-01,Activos y contingentes ponderados por riesgo crediticio y deducciones al patrimonio,912207.29,912207.29,912207.29,1
2018-12,Capital primario,126670.76,126670.76,126670.76,1
2018-12,Activos y contingentes ponderados por riesgo crediticio y deducciones al patrimonio,919348.95,919348.95,919348.95,1
2018-12,Activos y contingentes ponderados por riesgo crediticio y riesgo de mercado,1024816.74,1024816.74,1024816.74,1
2018-12,Ajuste,-1427.33,-1427.33,-1427.33,1
2018-12,Capital requerido por riesgo de mercado,105467.79,105467.79,105467.79,1
2018-12,Patrimonio técnico ajustado,162264.61,162264.61,162264.61,1
2018-12,Sobrante o faltante,59782.93,59782.93,59782.93,1
2018-12,Índice de solvencia,15.83,15.83,15.83,1
2018-12,Capital secundario,37021.18,37021.18,37021.18,1
2018-11,Capital secundario,37302.53,37302.53,37302.53,1
2018-11,Índice de solvencia,16.18,16.18,16.18,1
2018-11,Sobrante o faltante,62057.98,62057.98,62057.98,1
2018-11,Patrimonio técnico ajustado,162503.51,162503.51,162503.51,1
2018-11,Capital requerido por riesgo de mercado,93379.44,93379.44,93379.44,1
2018-11,Capital primario,126670.76,126670.76,126670.76,1
2018-11,Ajuste,-1469.78,-1469.78,-1469.78,1
2018-11,Activos y contingentes ponderados por riesgo crediticio y riesgo de mercado,1004455.32,1004455.32,1004455.32,1
2018-11,Activos y contingentes ponderados por riesgo crediticio y deducciones al patrimonio,911075.88,911075.88,911075.88,1
2018-10,Activos y contingentes ponderados por riesgo crediticio y riesgo de mercado,983467.48,983467.48,983467.48,1
2018-10,Capital primario,126670.76,126670.76,126670.76,1
2018-10,Activos y contingentes ponderados por riesgo crediticio y deducciones al patrimonio,894662.51,894662.51,894662.51,1
2018-10,Ajuste,-1506.05,-1506.05,-1506.05,1
2018-10,Capital requerido por riesgo de mercado,88804.97,88804.97,88804.97,1
2018-10,Patrimonio técnico ajustado,161122.4,161122.4,161122.4,1
2018-10,Sobrante o faltante,62775.65,62775.65,62775.65,1
2018-10,Índice de solvencia,16.38,16.38,16.38,1
2018-10,Capital secundario,35957.69,35957.69,35957.69,1
2018-09,Capital requerido por riesgo de mercado,96498.42,96498.42,96498.42,1
2018-09,Índice de solvencia,16.55,16.55,16.55,1
2018-09,Sobrante o faltante,64141.39,64141.39,64141.39,1
2018-09,Patrimonio técnico ajustado,162119.84,162119.84,162119.84,1
2018-09,Capital secundario,36995.22,36995.22,36995.22,1
2018-09,Capital primario,126670.76,126670.76,126670.76,1
2018-09,Ajuste,-1546.15,-1546.15,-1546.15,1
2018-09,Activos y contingentes ponderados por riesgo crediticio y riesgo de mercado,979784.41,979784.41,979784.41,1
2018-09,Activos y contingentes ponderados por riesgo crediticio y deducciones al patrimonio,883285.98,883285.98,883285.98,1
2018-08,Activos y contingentes ponderados por riesgo crediticio y riesgo de mercado,952470.58,952470.58,952470.58,1
2018-08,Ajuste,-1486.67,-1486.67,-1486.67,1
2018-08,Capital requerido por riesgo de mercado,76474.26,76474.26,76474.26,1
2018-08,Activos y contingentes ponderados por riesgo crediticio y deducciones al patrimonio,875996.32,875996.32,875996.32,1
2018-08,Capital primario,126621.16,126621.16,126621.16,1
2018-08,Patrimonio técnico ajustado,162137.44,162137.44,162137.44,1
2018-08,Capital secundario,37002.95,37002.95,37002.95,1
2018-08,Sobrante o faltante,66890.39,66890.39,66890.39,1
2018-08,Índice de solvencia,17.02,17.02,17.02,1
2018-07,Índice de solvencia,16.91,16.91,16.91,1
2018-07,Sobrante o faltante,64168.94,64168.94,64168.94,1
2018-07,Patrimonio técnico ajustado,157017.49,157017.49,157017.49,1
2018-07,Capital secundario,31980.17,31980.17,31980.17,1
2018-07,Capital requerido por riesgo de mercado,63249.08,63249.08,63249.08,1
2018-07,Capital primario,126385.53,126385.53,126385.53,1
2018-07,Ajuste,-1348.2,-1348.2,-1348.2,1
2018-07,Activos y contingentes ponderados por riesgo crediticio y riesgo de mercado,928485.5,928485.5,928485.5,1
2018-07,Activos y contingentes ponderados por riesgo crediticio y deducciones al patrimonio,865236.42,865236.42,865236.42,1
2018-06,Ajuste,-1408.59,-1408.59,-1408.59,1
2018-06,Activos y contingentes ponderados por riesgo crediticio y deducciones al patrimonio,853416.16,853416.16,853416.16,1
2018-06,Capital requerido por riesgo de mercado,64627.58,64627.58,64627.58,1
2018-06,Activos y contingentes ponderados por riesgo crediticio y riesgo de mercado,918043.74,918043.74,918043.74,1
2018-06,Capital primario,122560.53,122560.53,122560.53,1
2018-06,Patrimonio técnico ajustado,153130.29,153130.29,153130.29,1
2018-06,Capital secundario,31978.36,31978.36,31978.36,1
2018-06,Índice de solvencia,16.68,16.68,16.68,1
2018-06,Sobrante o faltante,61325.92,61325.92,61325.92,1
2018-05,Índice de solvencia,16.96,16.96,16.96,1
2018-05,Sobrante o faltante,62819.35,62819.35,62819.35,1
2018-05,Patrimonio técnico ajustado,153098.31,153098.31,153098.31,1
2018-05,Capital secundario,31982.37,31982.37,31982.37,1
2018-05,Capital requerido por riesgo de mercado,56078.89,56078.89,56078.89,1
2018-05,Capital primario,122541.52,122541.52,122541.52,1
2018-05,Ajuste,-1425.57,-1425.57,-1425.57,1
2018-05,Activos y contingentes ponderados por riesgo crediticio y riesgo de mercado,902789.6,902789.6,902789.6,1
2018-05,Activos y contingentes ponderados por riesgo crediticio y deducciones al patrimonio,846710.7,846710.7,846710.7,1
2018-04,Capital primario,118382.31,118382.31,118382.31,1
2018-04,Activos y contingentes ponderados por riesgo crediticio y deducciones al patrimonio,831666.8,831666.8,831666.8,1
2018-04,Activos y contingentes ponderados por riesgo crediticio y riesgo de mercado,894351.05,894351.05,894351.05,1
2018-04,Ajuste,-1468.85,-1468.85,-1468.85,1
2018-04,Capital requerido por riesgo de mercado,62684.25,62684.25,62684.25,1
2018-04,Patrimonio técnico ajustado,149036.83,149036.83,149036.83,1
2018-04,Sobrante o faltante,59601.72,59601.72,59601.72,1
2018-04,Índice de solvencia,16.66,16.66,16.66,1
2018-04,Capital secundario,32123.37,32123.37,32123.37,1
2018-03,Capital requerido por riesgo de mercado,63939.44,63939.44,63939.44,1
2018-03,Índice de solvencia,16.21,16.21,16.21,1
2018-03,Sobrante o faltante,57013.24,57013.24,57013.24,1
2018-03,Patrimonio técnico ajustado,148753.03,148753.03,148753.03,1
2018-03,Capital secundario,32150.34,32150.34,32150.34,1
2018-03,Capital primario,118001.29,118001.29,118001.29,1
2018-03,Ajuste,-1398.6,-1398.6,-1398.6,1
2018-03,Activos y contingentes ponderados por riesgo crediticio y riesgo de mercado,917397.94,917397.94,917397.94,1
2018-03,Activos y contingentes ponderados por riesgo crediticio y deducciones al patrimonio,853458.5,853458.5,853458.5,1
2018-02,Ajuste,-1332.21,-1332.21,-1332.21,1
2018-02,Activos y contingentes ponderados por riesgo crediticio y deducciones al patrimonio,846590.52,846590.52,846590.52,1
2018-02,Capital requerido por riesgo de mercado,63563.77,63563.77,63563.77,1
2018-02,Activos y contingentes ponderados por riesgo crediticio y riesgo de mercado,910154.29,910154.29,910154.29,1
2018-02,Capital primario,117920.85,117920.85,117920.85,1
2018-02,Patrimonio técnico ajustado,148816.33,148816.33,148816.33,1
2018-02,Capital secundario,32227.7,32227.7,32227.7,1
2018-02,Índice de solvencia,16.35,16.35,16.35,1
2018-02,Sobrante o faltante,57800.9,57800.9,57800.9,1
2018-01,Capital primario,117842.77,117842.77,117842.77,1
2018-01,Activos y contingentes ponderados por riesgo crediticio y deducciones al patrimonio,841285.02,841285.02,841285.02,1
2018-01,Activos y contingentes ponderados por riesgo crediticio y riesgo de mercado,883016.35,883016.35,883016.35,1
2018-01,Ajuste,-1244.09,-1244.09,-1244.09,1
2018-01,Capital requerido por riesgo de mercado,41731.34,41731.34,41731.34,1
2018-01,Capital secundario,32213.95,32213.95,32213.95,1
2018-01,Patrimonio técnico ajustado,148812.62,148812.62,148812.62,1
2018-01,Sobrante o faltante,60510.99,60510.99,60510.99,1
2018-01,Índice de solvencia,16.85,16.85,16.85,1
2017-12,Capital requerido por riesgo de mercado,44261.58,44261.58,44261.58,1
2017-12,Activos y contingentes ponderados por riesgo crediticio y riesgo de mercado,883372.26,883372.26,883372.26,1
2017-12,Ajuste,-1123.17,-1123.17,-1123.17,1
2017-12,Activos y contingentes ponderados por riesgo crediticio y deducciones al patrimonio,839110.69,839110.69,839110.69,1
2017-12,Capital primario,115064.5,115064.5,115064.5,1
2017-12,Patrimonio técnico ajustado,145032.13,145032.13,145032.13,1
2017-12,Capital secundario,31090.8,31090.8,31090.8,1
2017-12,Sobrante o faltante,56694.9,56694.9,56694.9,1
2017-12,Índice de solvencia,16.42,16.42,16.42,1
2017-11,Índice de solvencia,16.54,16.54,16.54,1
2017-11,Sobrante o faltante,57502.09,57502.09,57502.09,1
2017-11,Patrimonio técnico ajustado,145381.36,145381.36,145381.36,1
2017-11,Capital secundario,31454.88,31454.88,31454.88,1
2017-11,Capital requerido por riesgo de mercado,52348.13,52348.13,52348.13,1
2017-11,Capital primario,115016.91,115016.91,115016.91,1
2017-11,Ajuste,-1090.43,-1090.43,-1090.43,1
2017-11,Activos y contingentes ponderados por riesgo crediticio y riesgo de mercado,878792.68,878792.68,878792.68,1
2017-11,Activos y contingentes ponderados por riesgo crediticio y deducciones al patrimonio,826444.56,826444.56,826444.56,1
2017-10,Activos y contingentes ponderados por riesgo crediticio y riesgo de mercado,871266.89,871266.89,871266.89,1
2017-10,Activos y contingentes ponderados por riesgo crediticio y deducciones al patrimonio,816012.59,816012.59,816012.59,1
2017-10,Capital requerido por riesgo de mercado,55254.3,55254.3,55254.3,1
2017-10,Ajuste,-1058.17,-1058.17,-1058.17,1
2017-10,Capital primario,115016.91,115016.91,115016.91,1
2017-10,Capital secundario,31477.63,31477.63,31477.63,1
2017-10,Patrimonio técnico ajustado,145436.37,145436.37,145436.37,1
2017-10,Sobrante o faltante,58309.68,58309.68,58309.68,1
2017-10,Índice de solvencia,16.69,16.69,16.69,1
2017-09,Capital primario,115016.91,115016.91,115016.91,1
2017-09,Activos y contingentes ponderados por riesgo crediticio y deducciones al patrimonio,802887.65,802887.65,802887.65,1
2017-09,Activos y contingentes ponderados por riesgo crediticio y riesgo de mercado,866388.98,866388.98,866388.98,1
2017-09,Ajuste,-1054.09,-1054.09,-1054.09,1
2017-09,Capital requerido por riesgo de mercado,63501.33,63501.33,63501.33,1
2017-09,Capital secundario,32249.33,32249.33,32249.33,1
2017-09,Patrimonio técnico ajustado,146212.14,146212.14,146212.14,1
2017-09,Sobrante o faltante,59573.25,59573.25,59573.25,1
2017-09,Índice de solvencia,16.88,16.88,16.88,1
2017-08,Capital requerido por riesgo de mercado,73772.84,73772.84,73772.84,1
2017-08,Activos y contingentes ponderados por riesgo crediticio y deducciones al patrimonio,791627.0,791627.0,791627.0,1
2017-08,Activos y contingentes ponderados por riesgo crediticio y riesgo de mercado,865399.84,865399.84,865399.84,1
2017-08,Ajuste,-1019.75,-1019.75,-1019.75,1
2017-08,Capital primario,114879.16,114879.16,114879.16,1
2017-08,Capital secundario,32244.34,32244.34,32244.34,1
2017-08,Patrimonio técnico ajustado,146103.75,146103.75,146103.75,1
2017-08,Sobrante o faltante,59563.77,59563.77,59563.77,1
2017-08,Índice de solvencia,16.88,16.88,16.88,1
2017-07,Índice de solvencia,16.95,16.95,16.95,1
2017-07,Sobrante o faltante,59404.71,59404.71,59404.71,1
2017-07,Patrimonio técnico ajustado,144880.88,144880.88,144880.88,1
2017-07,Capital secundario,32240.51,32240.51,32240.51,1
2017-07,Capital requerido por riesgo de mercado,73106.3,73106.3,73106.3,1
2017-07,Capital primario,113647.6,113647.6,113647.6,1
2017-07,Ajuste,-1007.22,-1007.22,-1007.22,1
2017-07,Activos y contingentes ponderados por riesgo crediticio y riesgo de mercado,854761.7,854761.7,854761.7,1
2017-07,Activos y contingentes ponderados por riesgo crediticio y deducciones al patrimonio,781655.4,781655.4,781655.4,1
2017-06,Capital primario,113647.6,113647.6,113647.6,1
2017-06,Activos y contingentes ponderados por riesgo crediticio y deducciones al patrimonio,779567.88,779567.88,779567.88,1
2017-06,Activos y contingentes ponderados por riesgo crediticio y riesgo de mercado,858185.16,858185.16,858185.16,1
2017-06,Ajuste,-990.48,-990.48,-990.48,1
2017-06,Capital requerido por riesgo de mercado,78617.28,78617.28,78617.28,1
2017-06,Patrimonio técnico ajustado,144899.65,144899.65,144899.65,1
2017-06,Sobrante o faltante,59081.13,59081.13,59081.13,1
2017-06,Índice de solvencia,16.88,16.88,16.88,1
2017-06,Capital secundario,32242.52,32242.52,32242.52,1
2017-05,Capital requerido por riesgo de mercado,89284.72,89284.72,89284.72,1
2017-05,Índice de solvencia,16.13,16.13,16.13,1
2017-05,Sobrante o faltante,52549.19,52549.19,52549.19,1
2017-05,Patrimonio técnico ajustado,138321.32,138321.32,138321.32,1
2017-05,Capital secundario,31050.78,31050.78,31050.78,1
2017-05,Capital primario,108255.24,108255.24,108255.24,1
2017-05,Ajuste,-984.69,-984.69,-984.69,1
2017-05,Activos y contingentes ponderados por riesgo crediticio y riesgo de mercado,857721.38,857721.38,857721.38,1
2017-05,Activos y contingentes ponderados por riesgo crediticio y deducciones al patrimonio,768436.65,768436.65,768436.65,1
2017-04,Activos y contingentes ponderados por riesgo crediticio y riesgo de mercado,840366.47,840366.47,840366.47,1
2017-04,Ajuste,-1023.09,-1023.09,-1023.09,1
2017-04,Capital requerido por riesgo de mercado,86425.04,86425.04,86425.04,1
2017-04,Activos y contingentes ponderados por riesgo crediticio y deducciones al patrimonio,753941.43,753941.43,753941.43,1
2017-04,Capital primario,104887.13,104887.13,104887.13,1
2017-04,Patrimonio técnico ajustado,134910.34,134910.34,134910.34,1
2017-04,Capital secundario,31046.29,31046.29,31046.29,1
2017-04,Sobrante o faltante,50873.7,50873.7,50873.7,1
2017-04,Índice de solvencia,16.05,16.05,16.05,1
2017-03,Índice de solvencia,16.26,16.26,16.26,1
2017-03,Sobrante o faltante,51950.64,51950.64,51950.64,1
2017-03,Patrimonio técnico ajustado,134893.58,134893.58,134893.58,1
2017-03,Capital secundario,31054.62,31054.62,31054.62,1
2017-03,Capital requerido por riesgo de mercado,77960.59,77960.59,77960.59,1
2017-03,Capital primario,104834.58,104834.58,104834.58,1
2017-03,Ajuste,-995.62,-995.62,-995.62,1
2017-03,Activos y contingentes ponderados por riesgo crediticio y riesgo de mercado,829429.43,829429.43,829429.43,1
2017-03,Activos y contingentes ponderados por riesgo crediticio y deducciones al patrimonio,751468.84,751468.84,751468.84,1
2017-02,Activos y contingentes ponderados por riesgo crediticio y riesgo de mercado,835318.64,835318.64,835318.64,1
2017-02,Ajuste,-1049.23,-1049.23,-1049.23,1
2017-02,Capital requerido por riesgo de mercado,77697.26,77697.26,77697.26,1
2017-02,Activos y contingentes ponderados por riesgo crediticio y deducciones al patrimonio,757621.39,757621.39,757621.39,1
2017-02,Capital primario,104395.99,104395.99,104395.99,1
2017-02,Capital secundario,30457.51,30457.51,30457.51,1
2017-02,Sobrante o faltante,50272.4,50272.4,50272.4,1
2017-02,Índice de solvencia,16.02,16.02,16.02,1
2017-02,Patrimonio técnico ajustado,133804.26,133804.26,133804.26,1
2017-01,Capital requerido por riesgo de mercado,88710.14,88710.14,88710.14,1
2017-01,Índice de solvencia,15.92,15.92,15.92,1
2017-01,Sobrante o faltante,49740.58,49740.58,49740.58,1
2017-01,Patrimonio técnico ajustado,133749.24,133749.24,133749.24,1
2017-01,Capital secundario,30449.07,30449.07,30449.07,1
2017-01,Capital primario,104359.87,104359.87,104359.87,1
2017-01,Ajuste,-1059.71,-1059.71,-1059.71,1
2017-01,Activos y contingentes ponderados por riesgo crediticio y riesgo de mercado,840086.53,840086.53,840086.53,1
2017-01,Activos y contingentes ponderados por riesgo crediticio y deducciones al patrimonio,751376.39,751376.39,751376.39,1
2016-12,Activos y contingentes ponderados por riesgo crediticio y riesgo de mercado,835358.95,835358.95,835358.95,1
2016-12,Ajuste,-950.19,-950.19,-950.19,1
2016-12,Capital requerido por riesgo de mercado,86804.03,86804.03,86804.03,1
2016-12,Activos y contingentes ponderados por riesgo crediticio y deducciones al patrimonio,748554.92,748554.92,748554.92,1
2016-12,Capital primario,101954.87,101954.87,101954.87,1
2016-12,Capital secundario,29265.08,29265.08,29265.08,1
2016-12,Patrimonio técnico ajustado,130269.76,130269.76,130269.76,1
2016-12,Sobrante o faltante,46733.86,46733.86,46733.86,1
2016-12,Índice de solvencia,15.59,15.59,15.59,1
2016-11,Índice de solvencia,15.25,15.25,15.25,1
2016-11,Sobrante o faltante,43742.95,43742.95,43742.95,1
2016-11,Patrimonio técnico ajustado,127105.32,127105.32,127105.32,1
2016-11,Capital secundario,26116.14,26116.14,26116.14,1
2016-11,Capital requerido por riesgo de mercado,92281.57,92281.57,92281.57,1
2016-11,Capital primario,101944.87,101944.87,101944.87,1
2016-11,Ajuste,-955.69,-955.69,-955.69,1
2016-11,Activos y contingentes ponderados por riesgo crediticio y riesgo de mercado,833623.64,833623.64,833623.64,1
2016-11,Activos y contingentes ponderados por riesgo crediticio y deducciones al patrimonio,741342.08,741342.08,741342.08,1
2016-10,Activos y contingentes ponderados por riesgo crediticio y riesgo de mercado,835561.1,835561.1,835561.1,1
2016-10,Ajuste,-1006.71,-1006.71,-1006.71,1
2016-10,Capital requerido por riesgo de mercado,104429.56,104429.56,104429.56,1
2016-10,Activos y contingentes ponderados por riesgo crediticio y deducciones al patrimonio,731131.53,731131.53,731131.53,1
2016-10,Capital primario,101889.67,101889.67,101889.67,1
2016-10,Patrimonio técnico ajustado,123062.25,123062.25,123062.25,1
2016-10,Capital secundario,22179.3,22179.3,22179.3,1
2016-10,Sobrante o faltante,39506.14,39506.14,39506.14,1
2016-10,Índice de solvencia,14.73,14.73,14.73,1
2016-09,Capital primario,101887.75,101887.75,101887.75,1
2016-09,Activos y contingentes ponderados por riesgo crediticio y deducciones al patrimonio,721029.5,721029.5,721029.5,1
2016-09,Activos y contingentes ponderados por riesgo crediticio y riesgo de mercado,814073.21,814073.21,814073.21,1
2016-09,Ajuste,-973.79,-973.79,-973.79,1
2016-09,Capital requerido por riesgo de mercado,93043.71,93043.71,93043.71,1
2016-09,Capital secundario,22137.56,22137.56,22137.56,1
2016-09,Patrimonio técnico ajustado,123051.53,123051.53,123051.53,1
2016-09,Sobrante o faltante,41644.21,41644.21,41644.21,1
2016-09,Índice de solvencia,15.12,15.12,15.12,1
2016-08,Capital requerido por riesgo de mercado,85794.13,85794.13,85794.13,1
2016-08,Activos y contingentes ponderados por riesgo crediticio y deducciones al patrimonio,712224.8,712224.8,712224.8,1
2016-08,Activos y contingentes ponderados por riesgo crediticio y riesgo de mercado,798018.94,798018.94,798018.94,1
2016-08,Ajuste,-968.63,-968.63,-968.63,1
2016-08,Capital primario,101887.75,101887.75,101887.75,1
2016-08,Patrimonio técnico ajustado,123063.12,123063.12,123063.12,1
2016-08,Capital secundario,22144.0,22144.0,22144.0,1
2016-08,Sobrante o faltante,43261.23,43261.23,43261.23,1
2016-08,Índice de solvencia,15.42,15.42,15.42,1
2016-07,Índice de solvencia,15.61,15.61,15.61,1
2016-07,Sobrante o faltante,44137.48,44137.48,44137.48,1
2016-07,Patrimonio técnico ajustado,122839.1,122839.1,122839.1,1
2016-07,Capital secundario,22197.59,22197.59,22197.59,1
2016-07,Capital requerido por riesgo de mercado,84012.24,84012.24,84012.24,1
2016-07,Capital primario,101573.38,101573.38,101573.38,1
2016-07,Ajuste,-931.87,-931.87,-931.87,1
2016-07,Activos y contingentes ponderados por riesgo crediticio y riesgo de mercado,787016.18,787016.18,787016.18,1
2016-07,Activos y contingentes ponderados por riesgo crediticio y deducciones al patrimonio,703003.94,703003.94,703003.94,1
2016-06,Ajuste,-905.64,-905.64,-905.64,1
2016-06,Capital requerido por riesgo de mercado,97901.88,97901.88,97901.88,1
2016-06,Activos y contingentes ponderados por riesgo crediticio y riesgo de mercado,789737.68,789737.68,789737.68,1
2016-06,Capital primario,101531.97,101531.97,101531.97,1
2016-06,Activos y contingentes ponderados por riesgo crediticio y deducciones al patrimonio,691835.79,691835.79,691835.79,1
2016-06,Capital secundario,22363.77,22363.77,22363.77,1
2016-06,Sobrante o faltante,44016.34,44016.34,44016.34,1
2016-06,Índice de solvencia,15.57,15.57,15.57,1
2016-06,Patrimonio técnico ajustado,122990.1,122990.1,122990.1,1
2016-05,Capital requerido por riesgo de mercado,95001.37,95001.37,95001.37,1
2016-05,Activos y contingentes ponderados por riesgo crediticio y deducciones al patrimonio,686832.3,686832.3,686832.3,1
2016-05,Activos y contingentes ponderados por riesgo crediticio y riesgo de mercado,781833.68,781833.68,781833.68,1
2016-05,Ajuste,-893.73,-893.73,-893.73,1
2016-05,Capital primario,101350.26,101350.26,101350.26,1
2016-05,Capital secundario,22408.61,22408.61,22408.61,1
2016-05,Patrimonio técnico ajustado,122865.14,122865.14,122865.14,1
2016-05,Sobrante o faltante,44681.77,44681.77,44681.77,1
2016-05,Índice de solvencia,15.71,15.71,15.71,1
2016-04,Capital primario,98406.76,98406.76,98406.76,1
2016-04,Activos y contingentes ponderados por riesgo crediticio y deducciones al patrimonio,687914.85,687914.85,687914.85,1
2016-04,Activos y contingentes ponderados por riesgo crediticio y riesgo de mercado,777146.21,777146.21,777146.21,1
2016-04,Ajuste,-887.19,-887.19,-887.19,1
2016-04,Capital requerido por riesgo de mercado,89231.36,89231.36,89231.36,1
2016-04,Patrimonio técnico ajustado,120151.43,120151.43,120151.43,1
2016-04,Sobrante o faltante,42436.81,42436.81,42436.81,1
2016-04,Índice de solvencia,15.46,15.46,15.46,1
2016-04,Capital secundario,22631.86,22631.86,22631.86,1
2016-03,Capital requerido por riesgo de mercado,79885.12,79885.12,79885.12,1
2016-03,Índice de solvencia,15.8,15.8,15.8,1
2016-03,Sobrante o faltante,43837.04,43837.04,43837.04,1
2016-03,Patrimonio técnico ajustado,119388.29,119388.29,119388.29,1
2016-03,Capital secundario,22700.66,22700.66,22700.66,1
2016-03,Capital primario,98210.78,98210.78,98210.78,1
2016-03,Ajuste,-1523.15,-1523.15,-1523.15,1
2016-03,Activos y contingentes ponderados por riesgo crediticio y riesgo de mercado,755512.46,755512.46,755512.46,1
2016-03,Activos y contingentes ponderados por riesgo crediticio y deducciones al patrimonio,675627.34,675627.34,675627.34,1
2016-02,Activos y contingentes ponderados por riesgo crediticio y riesgo de mercado,753979.31,753979.31,753979.31,1
2016-02,Ajuste,-1472.48,-1472.48,-1472.48,1
2016-02,Capital requerido por riesgo de mercado,76406.85,76406.85,76406.85,1
2016-02,Activos y contingentes ponderados por riesgo crediticio y deducciones al patrimonio,677572.46,677572.46,677572.46,1
2016-02,Capital primario,91441.55,91441.55,91441.55,1
2016-02,Capital secundario,21930.46,21930.46,21930.46,1
2016-02,Sobrante o faltante,36501.6,36501.6,36501.6,1
2016-02,Índice de solvencia,14.84,14.84,14.84,1
2016-02,Patrimonio técnico ajustado,111899.53,111899.53,111899.53,1
2016-01,Capital requerido por riesgo de mercado,73647.8,73647.8,73647.8,1
2016-01,Índice de solvencia,14.86,14.86,14.86,1
2016-01,Sobrante o faltante,36301.11,36301.11,36301.11,1
2016-01,Patrimonio técnico ajustado,111038.52,111038.52,111038.52,1
2016-01,Capital secundario,21563.37,21563.37,21563.37,1
2016-01,Capital primario,90822.56,90822.56,90822.56,1
2016-01,Ajuste,-1347.4,-1347.4,-1347.4,1
2016-01,Activos y contingentes ponderados por riesgo crediticio y riesgo de mercado,747374.06,747374.06,747374.06,1
2016-01,Activos y contingentes ponderados por riesgo crediticio y deducciones al patrimonio,673726.26,673726.26,673726.26,1
2015-12,Activos y contingentes ponderados por riesgo crediticio y riesgo de mercado,749593.64,749593.64,749593.64,1
2015-12,Ajuste,-1398.63,-1398.63,-1398.63,1
2015-12,Capital requerido por riesgo de mercado,78084.62,78084.62,78084.62,1
2015-12,Activos y contingentes ponderados por riesgo crediticio y deducciones al patrimonio,671509.02,671509.02,671509.02,1
2015-12,Capital primario,88761.98,88761.98,88761.98,1
2015-12,Patrimonio técnico ajustado,107910.29,107910.29,107910.29,1
2015-12,Capital secundario,20546.94,20546.94,20546.94,1
2015-12,Sobrante o faltante,32950.92,32950.92,32950.92,1
2015-12,Índice de solvencia,14.4,14.4,14.4,1
2015-11,Índice de solvencia,14.24,14.24,14.24,1
2015-11,Sobrante o faltante,32315.36,32315.36,32315.36,1
2015-11,Patrimonio técnico ajustado,108575.76,108575.76,108575.76,1
2015-11,Capital secundario,21302.51,21302.51,21302.51,1
2015-11,Capital requerido por riesgo de mercado,73227.91,73227.91,73227.91,1
2015-11,Capital primario,88606.41,88606.41,88606.41,1
2015-11,Ajuste,-1333.16,-1333.16,-1333.16,1
2015-11,Activos y contingentes ponderados por riesgo crediticio y riesgo de mercado,762603.95,762603.95,762603.95,1
2015-11,Activos y contingentes ponderados por riesgo crediticio y deducciones al patrimonio,689376.04,689376.04,689376.04,1
2015-10,Ajuste,-1304.0,-1304.0,-1304.0,1
2015-10,Capital requerido por riesgo de mercado,74573.51,74573.51,74573.51,1
2015-10,Activos y contingentes ponderados por riesgo crediticio y riesgo de mercado,753065.63,753065.63,753065.63,1
2015-10,Capital primario,88556.41,88556.41,88556.41,1
2015-10,Activos y contingentes ponderados por riesgo crediticio y deducciones al patrimonio,678492.11,678492.11,678492.11,1
2015-10,Capital secundario,21423.46,21423.46,21423.46,1
2015-10,Sobrante o faltante,33369.3,33369.3,33369.3,1
2015-10,Índice de solvencia,14.43,14.43,14.43,1
2015-10,Patrimonio técnico ajustado,108675.86,108675.86,108675.86,1
2015-09,Capital primario,88062.99,88062.99,88062.99,1
2015-09,Activos y contingentes ponderados por riesgo crediticio y deducciones al patrimonio,664662.66,664662.66,664662.66,1
2015-09,Activos y contingentes ponderados por riesgo crediticio y riesgo de mercado,719033.56,719033.56,719033.56,1
2015-09,Ajuste,-1313.94,-1313.94,-1313.94,1
2015-09,Capital requerido por riesgo de mercado,54370.9,54370.9,54370.9,1
2015-09,Capital secundario,21508.41,21508.41,21508.41,1
2015-09,Patrimonio técnico ajustado,108257.46,108257.46,108257.46,1
2015-09,Sobrante o faltante,36354.1,36354.1,36354.1,1
2015-09,Índice de solvencia,15.06,15.06,15.06,1
2015-08,Capital requerido por riesgo de mercado,71199.3,71199.3,71199.3,1
2015-08,Activos y contingentes ponderados por riesgo crediticio y deducciones al patrimonio,646024.14,646024.14,646024.14,1
2015-08,Activos y contingentes ponderados por riesgo crediticio y riesgo de mercado,717223.44,717223.44,717223.44,1
2015-08,Ajuste,-1304.58,-1304.58,-1304.58,1
2015-08,Capital primario,87951.36,87951.36,87951.36,1
2015-08,Capital secundario,21485.19,21485.19,21485.19,1
2015-08,Patrimonio técnico ajustado,108131.97,108131.97,108131.97,1
2015-08,Sobrante o faltante,36409.63,36409.63,36409.63,1
2015-08,Índice de solvencia,15.08,15.08,15.08,1
2015-07,Índice de solvencia,15.22,15.22,15.22,1
2015-07,Sobrante o faltante,37091.01,37091.01,37091.01,1
2015-07,Patrimonio técnico ajustado,108098.19,108098.19,108098.19,1
2015-07,Capital secundario,21493.52,21493.52,21493.52,1
2015-07,Capital requerido por riesgo de mercado,71968.34,71968.34,71968.34,1
2015-07,Capital primario,87908.76,87908.76,87908.76,1
2015-07,Ajuste,-1304.1,-1304.1,-1304.1,1
2015-07,Activos y contingentes ponderados por riesgo crediticio y riesgo de mercado,710071.75,710071.75,710071.75,1
2015-07,Activos y contingentes ponderados por riesgo crediticio y deducciones al patrimonio,638103.41,638103.41,638103.41,1
2015-06,Capital requerido por riesgo de mercado,71514.84,71514.84,71514.84,1
2015-06,Activos y contingentes ponderados por riesgo crediticio y riesgo de mercado,702914.07,702914.07,702914.07,1
2015-06,Ajuste,-1297.73,-1297.73,-1297.73,1
2015-06,Capital primario,87703.05,87703.05,87703.05,1
2015-06,Activos y contingentes ponderados por riesgo crediticio y deducciones al patrimonio,631399.23,631399.23,631399.23,1
2015-06,Capital secundario,21693.52,21693.52,21693.52,1
2015-06,Sobrante o faltante,37807.43,37807.43,37807.43,1
2015-06,Índice de solvencia,15.38,15.38,15.38,1
2015-06,Patrimonio técnico ajustado,108098.83,108098.83,108098.83,1
2015-05,Capital requerido por riesgo de mercado,76767.61,76767.61,76767.61,1
2015-05,Activos y contingentes ponderados por riesgo crediticio y deducciones al patrimonio,633117.39,633117.39,633117.39,1
2015-05,Activos y contingentes ponderados por riesgo crediticio y riesgo de mercado,709885.01,709885.01,709885.01,1
2015-05,Ajuste,-1296.9,-1296.9,-1296.9,1
2015-05,Capital primario,85621.01,85621.01,85621.01,1
2015-05,Capital secundario,21912.26,21912.26,21912.26,1
2015-05,Patrimonio técnico ajustado,106236.37,106236.37,106236.37,1
2015-05,Sobrante o faltante,35247.87,35247.87,35247.87,1
2015-05,Índice de solvencia,14.97,14.97,14.97,1
2015-04,Capital requerido por riesgo de mercado,82066.15,82066.15,82066.15,1
2015-04,Activos y contingentes ponderados por riesgo crediticio y riesgo de mercado,693247.66,693247.66,693247.66,1
2015-04,Ajuste,-1287.49,-1287.49,-1287.49,1
2015-04,Capital primario,85521.2,85521.2,85521.2,1
2015-04,Activos y contingentes ponderados por riesgo crediticio y deducciones al patrimonio,611181.51,611181.51,611181.51,1
2015-04,Capital secundario,21767.64,21767.64,21767.64,1
2015-04,Sobrante o faltante,36676.58,36676.58,36676.58,1
2015-04,Índice de solvencia,15.29,15.29,15.29,1
2015-04,Patrimonio técnico ajustado,106001.35,106001.35,106001.35,1
2015-03,Capital requerido por riesgo de mercado,98584.11,98584.11,98584.11,1
2015-03,Activos y contingentes ponderados por riesgo crediticio y riesgo de mercado,704532.34,704532.34,704532.34,1
2015-03,Ajuste,-1391.12,-1391.12,-1391.12,1
2015-03,Capital primario,85099.51,85099.51,85099.51,1
2015-03,Activos y contingentes ponderados por riesgo crediticio y deducciones al patrimonio,605948.23,605948.23,605948.23,1
2015-03,Capital secundario,21800.56,21800.56,21800.56,1
2015-03,Sobrante o faltante,35055.71,35055.71,35055.71,1
2015-03,Índice de solvencia,14.98,14.98,14.98,1
2015-03,Patrimonio técnico ajustado,105508.95,105508.95,105508.95,1
2015-02,Capital requerido por riesgo de mercado,92400.68,92400.68,92400.68,1
2015-02,Activos y contingentes ponderados por riesgo crediticio y deducciones al patrimonio,608944.91,608944.91,608944.91,1
2015-02,Activos y contingentes ponderados por riesgo crediticio y riesgo de mercado,701345.59,701345.59,701345.59,1
2015-02,Ajuste,-1402.18,-1402.18,-1402.18,1
2015-02,Capital primario,79748.81,79748.81,79748.81,1
2015-02,Capital secundario,21636.38,21636.38,21636.38,1
2015-02,Patrimonio técnico ajustado,99983.01,99983.01,99983.01,1
2015-02,Sobrante o faltante,29848.45,29848.45,29848.45,1
2015-02,Índice de solvencia,14.26,14.26,14.26,1
2015-01,Capital secundario,21705.18,21705.18,21705.18,1
2015-01,Ajuste,-1392.02,-1392.02,-1392.02,1
2015-01,Capital primario,79633.89,79633.89,79633.89,1
2015-01,Capital requerido por riesgo de mercado,75881.0,75881.0,75881.0,1
2015-01,Activos y contingentes ponderados por riesgo crediticio y riesgo de mercado,685902.22,685902.22,685902.22,1
2015-01,Patrimonio técnico ajustado,99947.05,99947.05,99947.05,1
2015-01,Sobrante o faltante,31356.83,31356.83,31356.83,1
2015-01,Índice de solvencia,14.57,14.57,14.57,1
2015-01,Activos y contingentes ponderados por riesgo crediticio y deducciones al patrimonio,610021.22,610021.22,610021.22,1
